group	fill	clickSelects
1	#FFFFFF	1416
2	#FFFFFF	1416
3	#FFFFFF	1416
4	#FFFFFF	1416
5	#FFFFFF	558
6	#FFFFFF	558
7	#FFFFFF	558
8	#FFFFFF	558
9	#FFFFFF	558
10	#FFFFFF	558
11	#FFFFFF	558
12	#FFFFFF	558
13	#FFFFFF	558
14	#FFFFFF	1416
15	#FFFFFF	558
16	#FFFFFF	558
17	#FFFFFF	558
18	#FFFFFF	558
19	#FFFFFF	558
20	#FFFFFF	558
21	#FFFFFF	558
22	#FFFFFF	558
23	#FFFFFF	558
24	#FFFFFF	558
25	#FFFFFF	1416
26	#FFFFFF	558
27	#FFFFFF	558
28	#FFFFFF	558
29	#FFFFFF	2660
30	#FFFFFF	558
31	#FFFFFF	558
32	#FFFFFF	558
33	#FFFFFF	2660
34	#FFFFFF	2660
35	#FFFFFF	558
36	#FFFFFF	1416
37	#FFFFFF	2660
38	#FFFFFF	2660
39	#FFFFFF	2660
40	#FFFFFF	2054
41	#FFFFFF	2054
42	#FFFFFF	2660
43	#FFFFFF	2660
44	#FFFFFF	2660
45	#FFFFFF	2660
46	#FFFFFF	1416
47	#FFFFFF	1416
48	#FFFFFF	1416
49	#FFFFFF	558
50	#FFFFFF	558
52	#FFFFFF	1416
53	#FFFFFF	1416
54	#FFFFFF	1416
55	#FFFFFF	558
56	#FFFFFF	558
57	#FFFFFF	558
58	#FFFFFF	558
59	#FFFFFF	558
60	#FFFFFF	558
61	#FFFFFF	558
62	#FFFFFF	558
63	#FFFFFF	558
64	#FFFFFF	1416
65	#FFFFFF	558
66	#FFFFFF	558
67	#FFFFFF	558
68	#FFFFFF	558
69	#FFFFFF	558
70	#FFFFFF	558
71	#FFFFFF	558
72	#FFFFFF	558
73	#FFFFFF	558
74	#FFFFFF	558
75	#FFFFFF	1416
76	#FFFFFF	558
77	#FFFFFF	558
78	#FFFFFF	558
79	#FFFFFF	2660
80	#FFFFFF	558
81	#FFFFFF	558
82	#FFFFFF	558
83	#FFFFFF	558
84	#FFFFFF	2660
85	#FFFFFF	558
86	#FFFFFF	1416
87	#FFFFFF	2660
88	#FFFFFF	2660
89	#FFFFFF	2660
90	#FFFFFF	2660
91	#FFFFFF	2054
92	#FFFFFF	2054
93	#FFFFFF	2660
94	#FFFFFF	2660
95	#FFFFFF	2660
97	#FFFFFF	1416
98	#FFFFFF	1416
99	#FFFFFF	1416
100	#FFFFFF	1416
101	#FFFFFF	558
102	#FFFFFF	1416
103	#FFFFFF	1416
104	#FFFFFF	1416
105	#FFFFFF	558
106	#FFFFFF	558
107	#FFFFFF	558
108	#FFFFFF	558
109	#FFFFFF	558
110	#FFFFFF	558
111	#FFFFFF	558
112	#FFFFFF	558
113	#FFFFFF	558
114	#FFFFFF	558
115	#FFFFFF	1416
116	#FFFFFF	558
117	#FFFFFF	558
118	#FFFFFF	558
119	#FFFFFF	558
120	#FFFFFF	558
121	#FFFFFF	558
122	#FFFFFF	558
123	#FFFFFF	558
124	#FFFFFF	558
125	#FFFFFF	558
126	#FFFFFF	1416
127	#FFFFFF	558
128	#FFFFFF	558
129	#FFFFFF	2660
130	#FFFFFF	558
131	#FFFFFF	2660
132	#FFFFFF	2660
133	#FFFFFF	558
134	#FFFFFF	2660
135	#FFFFFF	2660
136	#FFFFFF	2660
137	#FFFFFF	1416
138	#FFFFFF	2054
139	#FFFFFF	2660
140	#FFFFFF	2660
141	#FFFFFF	2660
142	#FFFFFF	2054
143	#FFFFFF	2660
144	#FFFFFF	2660
145	#FFFFFF	2660
146	#FFFFFF	2660
147	#FFFFFF	1416
148	#FFFFFF	1416
149	#FFFFFF	1416
150	#FFFFFF	1416
151	#FFFFFF	1416
153	#FFFFFF	1416
154	#FFFFFF	1416
155	#FFFFFF	1416
156	#FFFFFF	558
157	#FFFFFF	558
158	#FFFFFF	558
159	#FFFFFF	558
160	#FFFFFF	558
161	#FFFFFF	558
162	#FFFFFF	558
163	#FFFFFF	558
164	#FFFFFF	558
165	#FFFFFF	1416
166	#FFFFFF	44
167	#FFFFFF	558
168	#FFFFFF	558
169	#FFFFFF	558
170	#FFFFFF	2660
171	#FFFFFF	2660
172	#FFFFFF	2660
173	#FFFFFF	2660
174	#FFFFFF	2660
175	#FFFFFF	2660
176	#FFFFFF	1416
177	#FFFFFF	2660
178	#FFFFFF	2660
179	#FFFFFF	2660
180	#FFFFFF	2660
181	#FFFFFF	2660
182	#FFFFFF	2660
183	#FFFFFF	2660
184	#FFFFFF	2660
185	#FFFFFF	2660
186	#FFFFFF	2660
187	#FFFFFF	1416
188	#FFFFFF	2660
189	#FFFFFF	2660
190	#FFFFFF	2660
191	#FFFFFF	2660
192	#FFFFFF	2660
193	#FFFFFF	2054
194	#FFFFFF	2054
195	#FFFFFF	2054
196	#FFFFFF	2054
198	#FFFFFF	558
199	#FFFFFF	1416
200	#FFFFFF	1416
201	#FFFFFF	1416
202	#FFFFFF	1416
203	#FFFFFF	1416
204	#FFFFFF	1416
205	#FFFFFF	1416
206	#FFFFFF	1416
207	#FFFFFF	558
208	#FFFFFF	558
209	#FFFFFF	558
210	#FFFFFF	558
211	#FFFFFF	558
212	#FFFFFF	558
213	#FFFFFF	558
214	#FFFFFF	558
215	#FFFFFF	558
216	#FFFFFF	1416
217	#FFFFFF	44
218	#FFFFFF	558
219	#FFFFFF	558
220	#FFFFFF	558
221	#FFFFFF	2660
222	#FFFFFF	2660
223	#FFFFFF	2660
224	#FFFFFF	2660
225	#FFFFFF	2660
226	#FFFFFF	2660
227	#FFFFFF	1416
228	#FFFFFF	2660
229	#FFFFFF	2660
230	#FFFFFF	2660
231	#FFFFFF	2660
232	#FFFFFF	2660
233	#FFFFFF	2660
234	#FFFFFF	2660
235	#FFFFFF	2660
236	#FFFFFF	2660
237	#FFFFFF	2660
238	#FFFFFF	1416
239	#FFFFFF	2660
240	#FFFFFF	2660
241	#FFFFFF	2660
242	#FFFFFF	2660
243	#FFFFFF	2660
244	#FFFFFF	2054
245	#FFFFFF	2054
246	#FFFFFF	2054
247	#FFFFFF	2054
248	#FFFFFF	558
249	#FFFFFF	1416
250	#FFFFFF	1416
251	#FFFFFF	558
252	#FFFFFF	1416
254	#FFFFFF	1416
255	#FFFFFF	1416
256	#FFFFFF	1416
257	#FFFFFF	558
258	#FFFFFF	558
259	#FFFFFF	558
260	#FFFFFF	558
261	#FFFFFF	558
262	#FFFFFF	558
263	#FFFFFF	558
264	#FFFFFF	558
265	#FFFFFF	558
266	#FFFFFF	1416
267	#FFFFFF	558
268	#FFFFFF	44
269	#FFFFFF	558
270	#FFFFFF	558
271	#FFFFFF	558
272	#FFFFFF	2660
273	#FFFFFF	2660
274	#FFFFFF	2660
275	#FFFFFF	2660
276	#FFFFFF	2660
277	#FFFFFF	1416
278	#FFFFFF	2660
279	#FFFFFF	2660
280	#FFFFFF	2660
281	#FFFFFF	2660
282	#FFFFFF	2660
283	#FFFFFF	2660
284	#FFFFFF	2660
285	#FFFFFF	2660
286	#FFFFFF	2660
287	#FFFFFF	2660
288	#FFFFFF	1416
289	#FFFFFF	2660
290	#FFFFFF	2660
291	#FFFFFF	2660
292	#FFFFFF	2054
293	#FFFFFF	2660
294	#FFFFFF	2054
295	#FFFFFF	2054
296	#FFFFFF	2054
297	#FFFFFF	2054
299	#FFFFFF	558
300	#FFFFFF	558
301	#FFFFFF	1416
302	#FFFFFF	558
303	#FFFFFF	558
304	#FFFFFF	1416
305	#FFFFFF	1416
306	#FFFFFF	1416
307	#FFFFFF	558
308	#FFFFFF	558
309	#FFFFFF	558
310	#FFFFFF	558
311	#FFFFFF	558
312	#FFFFFF	558
313	#FFFFFF	558
314	#FFFFFF	558
315	#FFFFFF	558
316	#FFFFFF	558
317	#FFFFFF	1416
318	#FFFFFF	558
319	#FFFFFF	44
320	#FFFFFF	558
321	#FFFFFF	558
322	#FFFFFF	2660
323	#FFFFFF	2660
324	#FFFFFF	2660
325	#FFFFFF	2660
326	#FFFFFF	2660
327	#FFFFFF	2660
328	#FFFFFF	1416
329	#FFFFFF	2660
330	#FFFFFF	2660
331	#FFFFFF	2660
332	#FFFFFF	2660
333	#FFFFFF	2660
334	#FFFFFF	2660
335	#FFFFFF	2660
336	#FFFFFF	2660
337	#FFFFFF	2660
338	#FFFFFF	2660
339	#FFFFFF	558
340	#FFFFFF	2660
341	#FFFFFF	2660
342	#FFFFFF	2660
343	#FFFFFF	2054
344	#FFFFFF	2054
345	#FFFFFF	2054
346	#FFFFFF	2054
347	#FFFFFF	2054
348	#FFFFFF	2054
349	#FFFFFF	558
350	#FFFFFF	558
351	#FFFFFF	558
352	#FFFFFF	558
353	#FFFFFF	558
355	#FFFFFF	1416
356	#FFFFFF	1416
357	#FFFFFF	558
358	#FFFFFF	558
359	#FFFFFF	558
360	#FFFFFF	558
361	#FFFFFF	558
362	#FFFFFF	558
363	#FFFFFF	558
364	#FFFFFF	558
365	#FFFFFF	558
366	#FFFFFF	558
367	#FFFFFF	1416
368	#FFFFFF	558
369	#FFFFFF	44
370	#FFFFFF	558
371	#FFFFFF	44
372	#FFFFFF	558
373	#FFFFFF	2660
374	#FFFFFF	2660
375	#FFFFFF	2660
376	#FFFFFF	2054
377	#FFFFFF	2660
378	#FFFFFF	1416
379	#FFFFFF	2660
380	#FFFFFF	2660
381	#FFFFFF	2660
382	#FFFFFF	2660
383	#FFFFFF	2660
384	#FFFFFF	2660
385	#FFFFFF	2660
386	#FFFFFF	2660
387	#FFFFFF	2660
388	#FFFFFF	2660
389	#FFFFFF	558
390	#FFFFFF	2660
391	#FFFFFF	2660
392	#FFFFFF	2660
393	#FFFFFF	2660
394	#FFFFFF	2054
395	#FFFFFF	2054
396	#FFFFFF	2054
397	#FFFFFF	2054
398	#FFFFFF	2054
400	#FFFFFF	558
401	#FFFFFF	558
402	#FFFFFF	558
403	#FFFFFF	558
404	#FFFFFF	558
405	#FFFFFF	1416
406	#FFFFFF	1416
407	#FFFFFF	1416
408	#FFFFFF	558
409	#FFFFFF	558
410	#FFFFFF	558
411	#FFFFFF	558
412	#FFFFFF	558
413	#FFFFFF	558
414	#FFFFFF	558
415	#FFFFFF	558
416	#FFFFFF	558
417	#FFFFFF	44
418	#FFFFFF	1416
419	#FFFFFF	558
420	#FFFFFF	44
421	#FFFFFF	44
422	#FFFFFF	558
423	#FFFFFF	2660
424	#FFFFFF	2054
425	#FFFFFF	2660
426	#FFFFFF	2054
427	#FFFFFF	2054
428	#FFFFFF	2660
429	#FFFFFF	1416
430	#FFFFFF	2660
431	#FFFFFF	2660
432	#FFFFFF	2660
433	#FFFFFF	2660
434	#FFFFFF	2660
435	#FFFFFF	2660
436	#FFFFFF	2660
437	#FFFFFF	2660
438	#FFFFFF	2660
439	#FFFFFF	2660
440	#FFFFFF	558
441	#FFFFFF	2660
442	#FFFFFF	2660
443	#FFFFFF	2660
444	#FFFFFF	2054
445	#FFFFFF	2054
446	#FFFFFF	2054
447	#FFFFFF	2054
448	#FFFFFF	2054
449	#FFFFFF	2054
450	#FFFFFF	558
451	#FFFFFF	558
452	#FFFFFF	558
453	#FFFFFF	558
454	#FFFFFF	558
456	#FFFFFF	1416
457	#FFFFFF	1416
458	#FFFFFF	558
459	#FFFFFF	558
460	#FFFFFF	558
461	#FFFFFF	558
462	#FFFFFF	558
463	#FFFFFF	558
464	#FFFFFF	558
465	#FFFFFF	558
466	#FFFFFF	558
467	#FFFFFF	558
468	#FFFFFF	1416
469	#FFFFFF	44
470	#FFFFFF	44
471	#FFFFFF	44
472	#FFFFFF	44
473	#FFFFFF	2660
474	#FFFFFF	2054
475	#FFFFFF	2660
476	#FFFFFF	2660
477	#FFFFFF	2054
478	#FFFFFF	2660
479	#FFFFFF	558
480	#FFFFFF	2660
481	#FFFFFF	2660
482	#FFFFFF	2660
483	#FFFFFF	2660
484	#FFFFFF	2660
485	#FFFFFF	2660
486	#FFFFFF	2660
487	#FFFFFF	2660
488	#FFFFFF	2660
489	#FFFFFF	2660
490	#FFFFFF	558
491	#FFFFFF	2660
492	#FFFFFF	2054
493	#FFFFFF	2660
494	#FFFFFF	2054
495	#FFFFFF	2054
496	#FFFFFF	2054
497	#FFFFFF	2054
498	#FFFFFF	2054
499	#FFFFFF	2054
501	#FFFFFF	558
502	#FFFFFF	558
503	#FFFFFF	558
504	#FFFFFF	558
505	#FFFFFF	558
506	#FFFFFF	1416
507	#FFFFFF	1416
508	#FFFFFF	1416
509	#FFFFFF	558
510	#FFFFFF	558
511	#FFFFFF	558
512	#FFFFFF	558
513	#FFFFFF	558
514	#FFFFFF	558
515	#FFFFFF	558
516	#FFFFFF	558
517	#FFFFFF	558
518	#FFFFFF	44
519	#FFFFFF	558
520	#FFFFFF	44
521	#FFFFFF	44
522	#FFFFFF	44
523	#FFFFFF	2054
524	#FFFFFF	2054
525	#FFFFFF	2054
526	#FFFFFF	2660
527	#FFFFFF	2054
528	#FFFFFF	2054
529	#FFFFFF	2660
530	#FFFFFF	558
531	#FFFFFF	2660
532	#FFFFFF	2660
533	#FFFFFF	2660
534	#FFFFFF	2660
535	#FFFFFF	2660
536	#FFFFFF	2660
537	#FFFFFF	2660
538	#FFFFFF	2660
539	#FFFFFF	2660
540	#FFFFFF	2660
541	#FFFFFF	558
542	#FFFFFF	2660
543	#FFFFFF	2054
544	#FFFFFF	2054
545	#FFFFFF	44
546	#FFFFFF	2054
547	#FFFFFF	2054
548	#FFFFFF	2054
549	#FFFFFF	2054
550	#FFFFFF	2054
551	#FFFFFF	558
552	#FFFFFF	558
553	#FFFFFF	558
554	#FFFFFF	558
555	#FFFFFF	558
557	#FFFFFF	1416
558	#FFFFFF	1416
559	#FFFFFF	558
560	#FFFFFF	558
561	#FFFFFF	558
562	#FFFFFF	558
563	#FFFFFF	558
564	#FFFFFF	558
565	#FFFFFF	558
566	#FFFFFF	558
567	#FFFFFF	558
568	#FFFFFF	44
569	#FFFFFF	558
570	#FFFFFF	44
571	#FFFFFF	44
572	#FFFFFF	44
573	#FFFFFF	2054
574	#FFFFFF	2054
575	#FFFFFF	2054
576	#FFFFFF	2054
577	#FFFFFF	2054
578	#FFFFFF	2054
579	#FFFFFF	2054
580	#FFFFFF	1416
581	#FFFFFF	2660
582	#FFFFFF	2660
583	#FFFFFF	2054
584	#FFFFFF	2660
585	#FFFFFF	2660
586	#FFFFFF	2660
587	#FFFFFF	2660
588	#FFFFFF	2660
589	#FFFFFF	2660
590	#FFFFFF	2054
591	#FFFFFF	558
592	#FFFFFF	2054
593	#FFFFFF	2054
594	#FFFFFF	2054
595	#FFFFFF	2054
596	#FFFFFF	44
597	#FFFFFF	44
598	#FFFFFF	2054
599	#FFFFFF	2054
600	#FFFFFF	2054
602	#FFFFFF	558
603	#FFFFFF	558
604	#FFFFFF	558
605	#FFFFFF	558
606	#FFFFFF	558
607	#FFFFFF	1416
608	#FFFFFF	1416
609	#FFFFFF	1416
610	#FFFFFF	558
611	#FFFFFF	558
612	#FFFFFF	558
613	#FFFFFF	558
614	#FFFFFF	558
615	#FFFFFF	558
616	#FFFFFF	558
617	#FFFFFF	44
618	#FFFFFF	44
619	#FFFFFF	44
620	#FFFFFF	1416
621	#FFFFFF	44
622	#FFFFFF	44
623	#FFFFFF	44
624	#FFFFFF	2054
625	#FFFFFF	2054
626	#FFFFFF	2054
627	#FFFFFF	2054
628	#FFFFFF	2054
629	#FFFFFF	2054
630	#FFFFFF	2054
631	#FFFFFF	558
632	#FFFFFF	2660
633	#FFFFFF	2054
634	#FFFFFF	2660
635	#FFFFFF	2660
636	#FFFFFF	2660
637	#FFFFFF	2660
638	#FFFFFF	2054
639	#FFFFFF	2660
640	#FFFFFF	2054
641	#FFFFFF	2054
642	#FFFFFF	558
643	#FFFFFF	2054
644	#FFFFFF	44
645	#FFFFFF	2054
646	#FFFFFF	44
647	#FFFFFF	44
648	#FFFFFF	2054
649	#FFFFFF	2054
650	#FFFFFF	2054
651	#FFFFFF	2054
652	#FFFFFF	558
653	#FFFFFF	558
654	#FFFFFF	558
655	#FFFFFF	558
656	#FFFFFF	558
658	#FFFFFF	1416
659	#FFFFFF	1416
660	#FFFFFF	558
661	#FFFFFF	558
662	#FFFFFF	558
663	#FFFFFF	558
664	#FFFFFF	558
665	#FFFFFF	558
666	#FFFFFF	558
667	#FFFFFF	44
668	#FFFFFF	44
669	#FFFFFF	44
670	#FFFFFF	1416
671	#FFFFFF	44
672	#FFFFFF	44
673	#FFFFFF	44
674	#FFFFFF	44
675	#FFFFFF	44
676	#FFFFFF	2054
677	#FFFFFF	2054
678	#FFFFFF	2054
679	#FFFFFF	2054
680	#FFFFFF	2054
681	#FFFFFF	558
682	#FFFFFF	2660
683	#FFFFFF	2660
684	#FFFFFF	2054
685	#FFFFFF	2660
686	#FFFFFF	2660
687	#FFFFFF	2660
688	#FFFFFF	2054
689	#FFFFFF	2054
690	#FFFFFF	2660
691	#FFFFFF	2054
692	#FFFFFF	558
693	#FFFFFF	2054
694	#FFFFFF	2054
695	#FFFFFF	44
696	#FFFFFF	44
697	#FFFFFF	44
698	#FFFFFF	2054
699	#FFFFFF	2054
700	#FFFFFF	2054
701	#FFFFFF	2054
703	#FFFFFF	558
704	#FFFFFF	558
705	#FFFFFF	558
706	#FFFFFF	558
707	#FFFFFF	558
708	#FFFFFF	1416
709	#FFFFFF	1416
710	#FFFFFF	1416
711	#FFFFFF	558
712	#FFFFFF	558
713	#FFFFFF	558
714	#FFFFFF	558
715	#FFFFFF	558
716	#FFFFFF	558
717	#FFFFFF	44
718	#FFFFFF	44
719	#FFFFFF	44
720	#FFFFFF	44
721	#FFFFFF	1416
722	#FFFFFF	44
723	#FFFFFF	44
724	#FFFFFF	44
725	#FFFFFF	44
726	#FFFFFF	44
727	#FFFFFF	2054
728	#FFFFFF	44
729	#FFFFFF	2054
730	#FFFFFF	2054
731	#FFFFFF	2660
732	#FFFFFF	558
733	#FFFFFF	2054
734	#FFFFFF	2054
735	#FFFFFF	2660
736	#FFFFFF	2660
737	#FFFFFF	2660
738	#FFFFFF	2660
739	#FFFFFF	2054
740	#FFFFFF	2054
741	#FFFFFF	2054
742	#FFFFFF	2054
743	#FFFFFF	558
744	#FFFFFF	44
745	#FFFFFF	44
746	#FFFFFF	44
747	#FFFFFF	44
748	#FFFFFF	2054
749	#FFFFFF	2054
750	#FFFFFF	2054
751	#FFFFFF	2054
752	#FFFFFF	2054
753	#FFFFFF	558
754	#FFFFFF	558
755	#FFFFFF	558
756	#FFFFFF	558
757	#FFFFFF	558
759	#FFFFFF	1416
760	#FFFFFF	558
761	#FFFFFF	558
762	#FFFFFF	558
763	#FFFFFF	558
764	#FFFFFF	558
765	#FFFFFF	558
766	#FFFFFF	558
767	#FFFFFF	44
768	#FFFFFF	44
769	#FFFFFF	44
770	#FFFFFF	44
771	#FFFFFF	1416
772	#FFFFFF	44
773	#FFFFFF	44
774	#FFFFFF	44
775	#FFFFFF	44
776	#FFFFFF	2054
777	#FFFFFF	2054
778	#FFFFFF	2054
779	#FFFFFF	44
780	#FFFFFF	2054
781	#FFFFFF	2054
782	#FFFFFF	558
783	#FFFFFF	2054
784	#FFFFFF	2054
785	#FFFFFF	2660
786	#FFFFFF	2660
787	#FFFFFF	2054
788	#FFFFFF	2660
789	#FFFFFF	2054
790	#FFFFFF	2054
791	#FFFFFF	2054
792	#FFFFFF	2054
793	#FFFFFF	558
794	#FFFFFF	2054
795	#FFFFFF	44
796	#FFFFFF	44
797	#FFFFFF	44
798	#FFFFFF	44
799	#FFFFFF	2054
800	#FFFFFF	2054
801	#FFFFFF	2054
802	#FFFFFF	2054
804	#FFFFFF	558
805	#FFFFFF	558
806	#FFFFFF	558
807	#FFFFFF	558
808	#FFFFFF	558
809	#FFFFFF	1416
810	#FFFFFF	558
811	#FFFFFF	558
812	#FFFFFF	558
813	#FFFFFF	558
814	#FFFFFF	558
815	#FFFFFF	558
816	#FFFFFF	558
817	#FFFFFF	558
818	#FFFFFF	44
819	#FFFFFF	44
820	#FFFFFF	44
821	#FFFFFF	44
822	#FFFFFF	558
823	#FFFFFF	44
824	#FFFFFF	44
825	#FFFFFF	44
826	#FFFFFF	44
827	#FFFFFF	2054
828	#FFFFFF	2054
829	#FFFFFF	44
830	#FFFFFF	44
831	#FFFFFF	44
832	#FFFFFF	2054
833	#FFFFFF	558
834	#FFFFFF	2054
835	#FFFFFF	2660
836	#FFFFFF	2054
837	#FFFFFF	2054
838	#FFFFFF	2660
839	#FFFFFF	2054
840	#FFFFFF	2054
841	#FFFFFF	2054
842	#FFFFFF	2054
843	#FFFFFF	2054
844	#FFFFFF	558
845	#FFFFFF	44
846	#FFFFFF	44
847	#FFFFFF	44
848	#FFFFFF	44
849	#FFFFFF	2054
850	#FFFFFF	2054
851	#FFFFFF	2054
852	#FFFFFF	2054
853	#FFFFFF	2054
854	#FFFFFF	558
855	#FFFFFF	558
856	#FFFFFF	558
857	#FFFFFF	558
858	#FFFFFF	558
860	#FFFFFF	1416
861	#FFFFFF	1416
862	#FFFFFF	558
863	#FFFFFF	558
864	#FFFFFF	558
865	#FFFFFF	558
866	#FFFFFF	558
867	#FFFFFF	558
868	#FFFFFF	44
869	#FFFFFF	44
870	#FFFFFF	44
871	#FFFFFF	44
872	#FFFFFF	558
873	#FFFFFF	44
874	#FFFFFF	44
875	#FFFFFF	44
876	#FFFFFF	44
877	#FFFFFF	2054
878	#FFFFFF	2054
879	#FFFFFF	2054
880	#FFFFFF	44
881	#FFFFFF	44
882	#FFFFFF	2054
883	#FFFFFF	558
884	#FFFFFF	2054
885	#FFFFFF	2660
886	#FFFFFF	2054
887	#FFFFFF	2054
888	#FFFFFF	2660
889	#FFFFFF	2660
890	#FFFFFF	2054
891	#FFFFFF	2054
892	#FFFFFF	2054
893	#FFFFFF	2054
894	#FFFFFF	558
895	#FFFFFF	2054
896	#FFFFFF	44
897	#FFFFFF	44
898	#FFFFFF	44
899	#FFFFFF	44
900	#FFFFFF	2054
901	#FFFFFF	44
902	#FFFFFF	44
903	#FFFFFF	2054
905	#FFFFFF	558
906	#FFFFFF	558
907	#FFFFFF	558
908	#FFFFFF	558
909	#FFFFFF	558
910	#FFFFFF	1416
911	#FFFFFF	1416
912	#FFFFFF	1416
913	#FFFFFF	558
914	#FFFFFF	558
915	#FFFFFF	558
916	#FFFFFF	558
917	#FFFFFF	558
918	#FFFFFF	44
919	#FFFFFF	44
920	#FFFFFF	44
921	#FFFFFF	44
922	#FFFFFF	44
923	#FFFFFF	558
924	#FFFFFF	44
925	#FFFFFF	44
926	#FFFFFF	44
927	#FFFFFF	44
928	#FFFFFF	2054
929	#FFFFFF	2054
930	#FFFFFF	44
931	#FFFFFF	44
932	#FFFFFF	44
933	#FFFFFF	2054
934	#FFFFFF	558
935	#FFFFFF	2054
936	#FFFFFF	2054
937	#FFFFFF	2054
938	#FFFFFF	2054
939	#FFFFFF	2660
940	#FFFFFF	2660
941	#FFFFFF	2054
942	#FFFFFF	2054
943	#FFFFFF	2054
944	#FFFFFF	2054
945	#FFFFFF	558
946	#FFFFFF	2054
947	#FFFFFF	44
948	#FFFFFF	44
949	#FFFFFF	44
950	#FFFFFF	44
951	#FFFFFF	2054
952	#FFFFFF	44
953	#FFFFFF	44
954	#FFFFFF	44
955	#FFFFFF	558
956	#FFFFFF	558
957	#FFFFFF	558
958	#FFFFFF	558
959	#FFFFFF	558
961	#FFFFFF	1416
962	#FFFFFF	1416
963	#FFFFFF	558
964	#FFFFFF	558
965	#FFFFFF	558
966	#FFFFFF	558
967	#FFFFFF	558
968	#FFFFFF	558
969	#FFFFFF	44
970	#FFFFFF	44
971	#FFFFFF	44
972	#FFFFFF	44
973	#FFFFFF	558
974	#FFFFFF	44
975	#FFFFFF	44
976	#FFFFFF	44
977	#FFFFFF	44
978	#FFFFFF	44
979	#FFFFFF	2054
980	#FFFFFF	2054
981	#FFFFFF	44
982	#FFFFFF	44
983	#FFFFFF	2054
984	#FFFFFF	558
985	#FFFFFF	2054
986	#FFFFFF	2054
987	#FFFFFF	2054
988	#FFFFFF	2054
989	#FFFFFF	2054
990	#FFFFFF	2054
991	#FFFFFF	2660
992	#FFFFFF	2054
993	#FFFFFF	2054
994	#FFFFFF	44
995	#FFFFFF	558
996	#FFFFFF	44
997	#FFFFFF	44
998	#FFFFFF	44
999	#FFFFFF	44
1000	#FFFFFF	44
1001	#FFFFFF	44
1002	#FFFFFF	44
1003	#FFFFFF	44
1004	#FFFFFF	44
1006	#FFFFFF	558
1007	#FFFFFF	558
1008	#FFFFFF	558
1009	#FFFFFF	558
1010	#FFFFFF	558
1011	#FFFFFF	1416
1012	#FFFFFF	1416
1013	#FFFFFF	1416
1014	#FFFFFF	558
1015	#FFFFFF	558
1016	#FFFFFF	558
1017	#FFFFFF	558
1018	#FFFFFF	44
1019	#FFFFFF	44
1020	#FFFFFF	44
1021	#FFFFFF	44
1022	#FFFFFF	44
1023	#FFFFFF	44
1024	#FFFFFF	558
1025	#FFFFFF	44
1026	#FFFFFF	44
1027	#FFFFFF	44
1028	#FFFFFF	44
1029	#FFFFFF	2054
1030	#FFFFFF	2054
1031	#FFFFFF	2054
1032	#FFFFFF	44
1033	#FFFFFF	2054
1034	#FFFFFF	2054
1035	#FFFFFF	558
1036	#FFFFFF	2054
1037	#FFFFFF	2054
1038	#FFFFFF	2054
1039	#FFFFFF	2054
1040	#FFFFFF	2054
1041	#FFFFFF	2660
1042	#FFFFFF	2054
1043	#FFFFFF	2054
1044	#FFFFFF	2054
1045	#FFFFFF	44
1046	#FFFFFF	558
1047	#FFFFFF	44
1048	#FFFFFF	44
1049	#FFFFFF	44
1050	#FFFFFF	44
1051	#FFFFFF	44
1052	#FFFFFF	44
1053	#FFFFFF	44
1054	#FFFFFF	44
1055	#FFFFFF	44
1056	#FFFFFF	558
1057	#FFFFFF	558
1058	#FFFFFF	558
1059	#FFFFFF	558
1060	#FFFFFF	558
1062	#FFFFFF	1416
1063	#FFFFFF	1416
1064	#FFFFFF	558
1065	#FFFFFF	558
1066	#FFFFFF	558
1067	#FFFFFF	558
1068	#FFFFFF	558
1069	#FFFFFF	44
1070	#FFFFFF	44
1071	#FFFFFF	44
1072	#FFFFFF	44
1073	#FFFFFF	44
1074	#FFFFFF	1416
1075	#FFFFFF	44
1076	#FFFFFF	44
1077	#FFFFFF	44
1078	#FFFFFF	44
1079	#FFFFFF	44
1080	#FFFFFF	2054
1081	#FFFFFF	2054
1082	#FFFFFF	2054
1083	#FFFFFF	44
1084	#FFFFFF	44
1085	#FFFFFF	558
1086	#FFFFFF	2054
1087	#FFFFFF	2054
1088	#FFFFFF	2054
1089	#FFFFFF	2054
1090	#FFFFFF	2054
1091	#FFFFFF	2054
1092	#FFFFFF	2054
1093	#FFFFFF	2054
1094	#FFFFFF	2054
1095	#FFFFFF	2054
1096	#FFFFFF	1416
1097	#FFFFFF	2054
1098	#FFFFFF	44
1099	#FFFFFF	44
1100	#FFFFFF	44
1101	#FFFFFF	44
1102	#FFFFFF	44
1103	#FFFFFF	44
1104	#FFFFFF	44
1105	#FFFFFF	44
1107	#FFFFFF	1416
1108	#FFFFFF	1416
1109	#FFFFFF	558
1110	#FFFFFF	1416
1111	#FFFFFF	558
1112	#FFFFFF	1416
1113	#FFFFFF	1416
1114	#FFFFFF	1416
1115	#FFFFFF	558
1116	#FFFFFF	558
1117	#FFFFFF	558
1118	#FFFFFF	558
1119	#FFFFFF	44
1120	#FFFFFF	44
1121	#FFFFFF	44
1122	#FFFFFF	44
1123	#FFFFFF	44
1124	#FFFFFF	44
1125	#FFFFFF	1416
1126	#FFFFFF	44
1127	#FFFFFF	44
1128	#FFFFFF	44
1129	#FFFFFF	44
1130	#FFFFFF	2054
1131	#FFFFFF	44
1132	#FFFFFF	44
1133	#FFFFFF	44
1134	#FFFFFF	44
1135	#FFFFFF	44
1136	#FFFFFF	1416
1137	#FFFFFF	44
1138	#FFFFFF	2054
1139	#FFFFFF	2054
1140	#FFFFFF	2054
1141	#FFFFFF	2054
1142	#FFFFFF	2054
1143	#FFFFFF	2054
1144	#FFFFFF	2054
1145	#FFFFFF	2054
1146	#FFFFFF	2054
1147	#FFFFFF	1416
1148	#FFFFFF	2054
1149	#FFFFFF	44
1150	#FFFFFF	44
1151	#FFFFFF	44
1152	#FFFFFF	44
1153	#FFFFFF	44
1154	#FFFFFF	44
1155	#FFFFFF	44
1156	#FFFFFF	2054
1157	#FFFFFF	1416
1158	#FFFFFF	558
1159	#FFFFFF	1416
1160	#FFFFFF	558
1161	#FFFFFF	558
1163	#FFFFFF	1416
1164	#FFFFFF	1416
1165	#FFFFFF	1416
1166	#FFFFFF	1416
1167	#FFFFFF	558
1168	#FFFFFF	558
1169	#FFFFFF	558
1170	#FFFFFF	558
1171	#FFFFFF	558
1172	#FFFFFF	558
1173	#FFFFFF	558
1174	#FFFFFF	558
1175	#FFFFFF	1416
1176	#FFFFFF	558
1177	#FFFFFF	558
1178	#FFFFFF	558
1179	#FFFFFF	558
1180	#FFFFFF	558
1181	#FFFFFF	558
1182	#FFFFFF	558
1183	#FFFFFF	558
1184	#FFFFFF	558
1185	#FFFFFF	558
1186	#FFFFFF	1416
1187	#FFFFFF	558
1188	#FFFFFF	558
1189	#FFFFFF	558
1190	#FFFFFF	2660
1191	#FFFFFF	558
1192	#FFFFFF	2660
1193	#FFFFFF	2660
1194	#FFFFFF	2660
1195	#FFFFFF	2660
1196	#FFFFFF	2660
1197	#FFFFFF	1416
1198	#FFFFFF	2660
1199	#FFFFFF	2054
1200	#FFFFFF	2660
1201	#FFFFFF	2660
1202	#FFFFFF	2660
1203	#FFFFFF	2660
1204	#FFFFFF	2660
1205	#FFFFFF	2660
1206	#FFFFFF	2660
1208	#FFFFFF	1416
1209	#FFFFFF	1416
1210	#FFFFFF	1416
1211	#FFFFFF	1416
1212	#FFFFFF	1416
1213	#FFFFFF	1416
1214	#FFFFFF	1416
1215	#FFFFFF	1416
1216	#FFFFFF	1416
1217	#FFFFFF	558
1218	#FFFFFF	558
1219	#FFFFFF	558
1220	#FFFFFF	558
1221	#FFFFFF	558
1222	#FFFFFF	558
1223	#FFFFFF	558
1224	#FFFFFF	558
1225	#FFFFFF	558
1226	#FFFFFF	1416
1227	#FFFFFF	558
1228	#FFFFFF	558
1229	#FFFFFF	558
1230	#FFFFFF	558
1231	#FFFFFF	558
1232	#FFFFFF	558
1233	#FFFFFF	558
1234	#FFFFFF	558
1235	#FFFFFF	558
1236	#FFFFFF	558
1237	#FFFFFF	1416
1238	#FFFFFF	558
1239	#FFFFFF	558
1240	#FFFFFF	558
1241	#FFFFFF	2660
1242	#FFFFFF	558
1243	#FFFFFF	2660
1244	#FFFFFF	2660
1245	#FFFFFF	2054
1246	#FFFFFF	2054
1247	#FFFFFF	2054
1248	#FFFFFF	1416
1249	#FFFFFF	2054
1250	#FFFFFF	2660
1251	#FFFFFF	2660
1252	#FFFFFF	2660
1253	#FFFFFF	2660
1254	#FFFFFF	2660
1255	#FFFFFF	2660
1256	#FFFFFF	2660
1257	#FFFFFF	2660
1258	#FFFFFF	1416
1259	#FFFFFF	1416
1260	#FFFFFF	1416
1261	#FFFFFF	1416
1262	#FFFFFF	1416
1264	#FFFFFF	1416
1265	#FFFFFF	1416
1266	#FFFFFF	558
1267	#FFFFFF	558
1268	#FFFFFF	558
1269	#FFFFFF	558
1270	#FFFFFF	44
1271	#FFFFFF	44
1272	#FFFFFF	44
1273	#FFFFFF	44
1274	#FFFFFF	44
1275	#FFFFFF	44
1276	#FFFFFF	1416
1277	#FFFFFF	44
1278	#FFFFFF	44
1279	#FFFFFF	44
1280	#FFFFFF	44
1281	#FFFFFF	44
1282	#FFFFFF	2054
1283	#FFFFFF	44
1284	#FFFFFF	44
1285	#FFFFFF	44
1286	#FFFFFF	44
1287	#FFFFFF	1416
1288	#FFFFFF	44
1289	#FFFFFF	2054
1290	#FFFFFF	2054
1291	#FFFFFF	2054
1292	#FFFFFF	2054
1293	#FFFFFF	2054
1294	#FFFFFF	2054
1295	#FFFFFF	2054
1296	#FFFFFF	2054
1297	#FFFFFF	2054
1298	#FFFFFF	1416
1299	#FFFFFF	44
1300	#FFFFFF	2054
1301	#FFFFFF	44
1302	#FFFFFF	44
1303	#FFFFFF	44
1304	#FFFFFF	44
1305	#FFFFFF	44
1306	#FFFFFF	44
1307	#FFFFFF	44
1309	#FFFFFF	1416
1310	#FFFFFF	1416
1311	#FFFFFF	1416
1312	#FFFFFF	558
1313	#FFFFFF	558
1314	#FFFFFF	558
1315	#FFFFFF	558
1316	#FFFFFF	1416
1317	#FFFFFF	558
1318	#FFFFFF	558
1319	#FFFFFF	558
1320	#FFFFFF	558
1321	#FFFFFF	44
1322	#FFFFFF	44
1323	#FFFFFF	44
1324	#FFFFFF	44
1325	#FFFFFF	44
1326	#FFFFFF	44
1327	#FFFFFF	1416
1328	#FFFFFF	44
1329	#FFFFFF	44
1330	#FFFFFF	44
1331	#FFFFFF	44
1332	#FFFFFF	44
1333	#FFFFFF	2054
1334	#FFFFFF	44
1335	#FFFFFF	44
1336	#FFFFFF	44
1337	#FFFFFF	44
1338	#FFFFFF	1416
1339	#FFFFFF	44
1340	#FFFFFF	2054
1341	#FFFFFF	2054
1342	#FFFFFF	2054
1343	#FFFFFF	2054
1344	#FFFFFF	2054
1345	#FFFFFF	2054
1346	#FFFFFF	2054
1347	#FFFFFF	2054
1348	#FFFFFF	2054
1349	#FFFFFF	1416
1350	#FFFFFF	44
1351	#FFFFFF	2054
1352	#FFFFFF	44
1353	#FFFFFF	44
1354	#FFFFFF	44
1355	#FFFFFF	44
1356	#FFFFFF	44
1357	#FFFFFF	44
1358	#FFFFFF	44
1359	#FFFFFF	1416
1360	#FFFFFF	1416
1361	#FFFFFF	1416
1362	#FFFFFF	558
1363	#FFFFFF	558
1365	#FFFFFF	558
1366	#FFFFFF	558
1367	#FFFFFF	558
1368	#FFFFFF	558
1369	#FFFFFF	558
1370	#FFFFFF	558
1371	#FFFFFF	44
1372	#FFFFFF	44
1373	#FFFFFF	44
1374	#FFFFFF	44
1375	#FFFFFF	44
1376	#FFFFFF	44
1377	#FFFFFF	1416
1378	#FFFFFF	44
1379	#FFFFFF	44
1380	#FFFFFF	44
1381	#FFFFFF	44
1382	#FFFFFF	44
1383	#FFFFFF	44
1384	#FFFFFF	2054
1385	#FFFFFF	44
1386	#FFFFFF	44
1387	#FFFFFF	44
1388	#FFFFFF	1416
1389	#FFFFFF	44
1390	#FFFFFF	2054
1391	#FFFFFF	2054
1392	#FFFFFF	2054
1393	#FFFFFF	2054
1394	#FFFFFF	2054
1395	#FFFFFF	2054
1396	#FFFFFF	2054
1397	#FFFFFF	2054
1398	#FFFFFF	2054
1399	#FFFFFF	1416
1400	#FFFFFF	44
1401	#FFFFFF	44
1402	#FFFFFF	2054
1403	#FFFFFF	44
1404	#FFFFFF	44
1405	#FFFFFF	44
1406	#FFFFFF	44
1407	#FFFFFF	44
1408	#FFFFFF	44
1410	#FFFFFF	1416
1411	#FFFFFF	1416
1412	#FFFFFF	1416
1413	#FFFFFF	1416
1414	#FFFFFF	558
1415	#FFFFFF	558
1416	#FFFFFF	558
1417	#FFFFFF	1416
1418	#FFFFFF	558
1419	#FFFFFF	558
1420	#FFFFFF	558
1421	#FFFFFF	44
1422	#FFFFFF	44
1423	#FFFFFF	44
1424	#FFFFFF	44
1425	#FFFFFF	44
1426	#FFFFFF	44
1427	#FFFFFF	44
1428	#FFFFFF	1416
1429	#FFFFFF	44
1430	#FFFFFF	44
1431	#FFFFFF	44
1432	#FFFFFF	44
1433	#FFFFFF	44
1434	#FFFFFF	2054
1435	#FFFFFF	2054
1436	#FFFFFF	2054
1437	#FFFFFF	44
1438	#FFFFFF	2054
1439	#FFFFFF	1416
1440	#FFFFFF	2054
1441	#FFFFFF	2054
1442	#FFFFFF	44
1443	#FFFFFF	2054
1444	#FFFFFF	2054
1445	#FFFFFF	2054
1446	#FFFFFF	2054
1447	#FFFFFF	2054
1448	#FFFFFF	2054
1449	#FFFFFF	44
1450	#FFFFFF	1416
1451	#FFFFFF	44
1452	#FFFFFF	44
1453	#FFFFFF	44
1454	#FFFFFF	44
1455	#FFFFFF	44
1456	#FFFFFF	44
1457	#FFFFFF	44
1458	#FFFFFF	44
1459	#FFFFFF	44
1460	#FFFFFF	1416
1461	#FFFFFF	1416
1462	#FFFFFF	1416
1463	#FFFFFF	558
1464	#FFFFFF	558
1466	#FFFFFF	558
1467	#FFFFFF	558
1468	#FFFFFF	558
1469	#FFFFFF	558
1470	#FFFFFF	44
1471	#FFFFFF	44
1472	#FFFFFF	44
1473	#FFFFFF	44
1474	#FFFFFF	44
1475	#FFFFFF	44
1476	#FFFFFF	44
1477	#FFFFFF	44
1478	#FFFFFF	1416
1479	#FFFFFF	44
1480	#FFFFFF	44
1481	#FFFFFF	44
1482	#FFFFFF	44
1483	#FFFFFF	44
1484	#FFFFFF	2054
1485	#FFFFFF	2054
1486	#FFFFFF	2054
1487	#FFFFFF	44
1488	#FFFFFF	2054
1489	#FFFFFF	558
1490	#FFFFFF	2054
1491	#FFFFFF	2054
1492	#FFFFFF	2054
1493	#FFFFFF	44
1494	#FFFFFF	2054
1495	#FFFFFF	2054
1496	#FFFFFF	2054
1497	#FFFFFF	2054
1498	#FFFFFF	2054
1499	#FFFFFF	2054
1500	#FFFFFF	558
1501	#FFFFFF	44
1502	#FFFFFF	44
1503	#FFFFFF	44
1504	#FFFFFF	44
1505	#FFFFFF	44
1506	#FFFFFF	44
1507	#FFFFFF	44
1508	#FFFFFF	44
1509	#FFFFFF	44
1511	#FFFFFF	1416
1512	#FFFFFF	1416
1513	#FFFFFF	1416
1514	#FFFFFF	558
1515	#FFFFFF	558
1516	#FFFFFF	558
1517	#FFFFFF	558
1518	#FFFFFF	558
1519	#FFFFFF	558
1520	#FFFFFF	44
1521	#FFFFFF	44
1522	#FFFFFF	558
1523	#FFFFFF	44
1524	#FFFFFF	44
1525	#FFFFFF	44
1526	#FFFFFF	44
1527	#FFFFFF	44
1528	#FFFFFF	44
1529	#FFFFFF	1416
1530	#FFFFFF	44
1531	#FFFFFF	44
1532	#FFFFFF	44
1533	#FFFFFF	44
1534	#FFFFFF	44
1535	#FFFFFF	2054
1536	#FFFFFF	2054
1537	#FFFFFF	44
1538	#FFFFFF	44
1539	#FFFFFF	2054
1540	#FFFFFF	558
1541	#FFFFFF	2054
1542	#FFFFFF	44
1543	#FFFFFF	44
1544	#FFFFFF	44
1545	#FFFFFF	2054
1546	#FFFFFF	2054
1547	#FFFFFF	2054
1548	#FFFFFF	2054
1549	#FFFFFF	44
1550	#FFFFFF	44
1551	#FFFFFF	1416
1552	#FFFFFF	44
1553	#FFFFFF	44
1554	#FFFFFF	44
1555	#FFFFFF	44
1556	#FFFFFF	44
1557	#FFFFFF	44
1558	#FFFFFF	44
1559	#FFFFFF	44
1560	#FFFFFF	44
1561	#FFFFFF	1416
1562	#FFFFFF	1416
1563	#FFFFFF	558
1564	#FFFFFF	558
1565	#FFFFFF	558
1567	#FFFFFF	558
1568	#FFFFFF	558
1569	#FFFFFF	558
1570	#FFFFFF	558
1571	#FFFFFF	558
1572	#FFFFFF	44
1573	#FFFFFF	558
1574	#FFFFFF	558
1575	#FFFFFF	44
1576	#FFFFFF	44
1577	#FFFFFF	44
1578	#FFFFFF	44
1579	#FFFFFF	1416
1580	#FFFFFF	44
1581	#FFFFFF	44
1582	#FFFFFF	44
1583	#FFFFFF	44
1584	#FFFFFF	44
1585	#FFFFFF	44
1586	#FFFFFF	2054
1587	#FFFFFF	44
1588	#FFFFFF	44
1589	#FFFFFF	2054
1590	#FFFFFF	1416
1591	#FFFFFF	2054
1592	#FFFFFF	44
1593	#FFFFFF	44
1594	#FFFFFF	44
1595	#FFFFFF	2054
1596	#FFFFFF	44
1597	#FFFFFF	2054
1598	#FFFFFF	2054
1599	#FFFFFF	2054
1600	#FFFFFF	44
1601	#FFFFFF	558
1602	#FFFFFF	44
1603	#FFFFFF	44
1604	#FFFFFF	44
1605	#FFFFFF	44
1606	#FFFFFF	44
1607	#FFFFFF	44
1608	#FFFFFF	44
1609	#FFFFFF	44
1610	#FFFFFF	44
1612	#FFFFFF	1416
1613	#FFFFFF	1416
1614	#FFFFFF	1416
1615	#FFFFFF	558
1616	#FFFFFF	558
1617	#FFFFFF	558
1618	#FFFFFF	558
1619	#FFFFFF	1416
1620	#FFFFFF	558
1621	#FFFFFF	558
1622	#FFFFFF	44
1623	#FFFFFF	44
1624	#FFFFFF	558
1625	#FFFFFF	558
1626	#FFFFFF	44
1627	#FFFFFF	44
1628	#FFFFFF	44
1629	#FFFFFF	44
1630	#FFFFFF	1416
1631	#FFFFFF	44
1632	#FFFFFF	44
1633	#FFFFFF	44
1634	#FFFFFF	44
1635	#FFFFFF	44
1636	#FFFFFF	44
1637	#FFFFFF	2054
1638	#FFFFFF	44
1639	#FFFFFF	44
1640	#FFFFFF	44
1641	#FFFFFF	558
1642	#FFFFFF	2054
1643	#FFFFFF	44
1644	#FFFFFF	44
1645	#FFFFFF	44
1646	#FFFFFF	44
1647	#FFFFFF	2054
1648	#FFFFFF	44
1649	#FFFFFF	2054
1650	#FFFFFF	44
1651	#FFFFFF	44
1652	#FFFFFF	1416
1653	#FFFFFF	44
1654	#FFFFFF	44
1655	#FFFFFF	44
1656	#FFFFFF	44
1657	#FFFFFF	44
1658	#FFFFFF	44
1659	#FFFFFF	44
1660	#FFFFFF	44
1661	#FFFFFF	44
1662	#FFFFFF	1416
1663	#FFFFFF	1416
1664	#FFFFFF	1416
1665	#FFFFFF	558
1666	#FFFFFF	558
1668	#FFFFFF	558
1669	#FFFFFF	1416
1670	#FFFFFF	558
1671	#FFFFFF	558
1672	#FFFFFF	558
1673	#FFFFFF	558
1674	#FFFFFF	44
1675	#FFFFFF	558
1676	#FFFFFF	558
1677	#FFFFFF	44
1678	#FFFFFF	558
1679	#FFFFFF	558
1680	#FFFFFF	1416
1681	#FFFFFF	44
1682	#FFFFFF	44
1683	#FFFFFF	44
1684	#FFFFFF	44
1685	#FFFFFF	44
1686	#FFFFFF	44
1687	#FFFFFF	2054
1688	#FFFFFF	44
1689	#FFFFFF	44
1690	#FFFFFF	44
1691	#FFFFFF	1416
1692	#FFFFFF	44
1693	#FFFFFF	2054
1694	#FFFFFF	2054
1695	#FFFFFF	44
1696	#FFFFFF	44
1697	#FFFFFF	2054
1698	#FFFFFF	2054
1699	#FFFFFF	44
1700	#FFFFFF	44
1701	#FFFFFF	44
1702	#FFFFFF	558
1703	#FFFFFF	44
1704	#FFFFFF	44
1705	#FFFFFF	44
1706	#FFFFFF	44
1707	#FFFFFF	44
1708	#FFFFFF	44
1709	#FFFFFF	44
1710	#FFFFFF	44
1711	#FFFFFF	44
1713	#FFFFFF	558
1714	#FFFFFF	1416
1715	#FFFFFF	1416
1716	#FFFFFF	558
1717	#FFFFFF	558
1718	#FFFFFF	558
1719	#FFFFFF	558
1720	#FFFFFF	558
1721	#FFFFFF	558
1722	#FFFFFF	558
1723	#FFFFFF	558
1724	#FFFFFF	558
1725	#FFFFFF	44
1726	#FFFFFF	558
1727	#FFFFFF	44
1728	#FFFFFF	558
1729	#FFFFFF	558
1730	#FFFFFF	44
1731	#FFFFFF	1416
1732	#FFFFFF	44
1733	#FFFFFF	44
1734	#FFFFFF	44
1735	#FFFFFF	44
1736	#FFFFFF	44
1737	#FFFFFF	2054
1738	#FFFFFF	44
1739	#FFFFFF	44
1740	#FFFFFF	44
1741	#FFFFFF	2054
1742	#FFFFFF	1416
1743	#FFFFFF	2054
1744	#FFFFFF	2054
1745	#FFFFFF	44
1746	#FFFFFF	44
1747	#FFFFFF	44
1748	#FFFFFF	2054
1749	#FFFFFF	44
1750	#FFFFFF	44
1751	#FFFFFF	44
1752	#FFFFFF	44
1753	#FFFFFF	558
1754	#FFFFFF	44
1755	#FFFFFF	44
1756	#FFFFFF	44
1757	#FFFFFF	44
1758	#FFFFFF	44
1759	#FFFFFF	44
1760	#FFFFFF	44
1761	#FFFFFF	44
1762	#FFFFFF	44
1763	#FFFFFF	1416
1764	#FFFFFF	1416
1765	#FFFFFF	1416
1766	#FFFFFF	558
1767	#FFFFFF	558
1769	#FFFFFF	558
1770	#FFFFFF	558
1771	#FFFFFF	558
1772	#FFFFFF	558
1773	#FFFFFF	558
1774	#FFFFFF	558
1775	#FFFFFF	558
1776	#FFFFFF	558
1777	#FFFFFF	558
1778	#FFFFFF	558
1779	#FFFFFF	558
1780	#FFFFFF	558
1781	#FFFFFF	558
1782	#FFFFFF	44
1783	#FFFFFF	44
1784	#FFFFFF	44
1785	#FFFFFF	44
1786	#FFFFFF	44
1787	#FFFFFF	44
1788	#FFFFFF	44
1789	#FFFFFF	44
1790	#FFFFFF	44
1791	#FFFFFF	2054
1792	#FFFFFF	1416
1793	#FFFFFF	2054
1794	#FFFFFF	2054
1795	#FFFFFF	44
1796	#FFFFFF	44
1797	#FFFFFF	44
1798	#FFFFFF	44
1799	#FFFFFF	44
1800	#FFFFFF	44
1801	#FFFFFF	44
1802	#FFFFFF	44
1803	#FFFFFF	558
1804	#FFFFFF	44
1805	#FFFFFF	44
1806	#FFFFFF	44
1807	#FFFFFF	44
1808	#FFFFFF	44
1809	#FFFFFF	44
1810	#FFFFFF	44
1811	#FFFFFF	44
1812	#FFFFFF	44
1814	#FFFFFF	1416
1815	#FFFFFF	1416
1816	#FFFFFF	1416
1817	#FFFFFF	558
1818	#FFFFFF	558
1819	#FFFFFF	558
1820	#FFFFFF	558
1821	#FFFFFF	558
1822	#FFFFFF	558
1823	#FFFFFF	558
1824	#FFFFFF	558
1825	#FFFFFF	558
1826	#FFFFFF	558
1827	#FFFFFF	558
1828	#FFFFFF	558
1829	#FFFFFF	558
1830	#FFFFFF	558
1831	#FFFFFF	44
1832	#FFFFFF	558
1833	#FFFFFF	44
1834	#FFFFFF	44
1835	#FFFFFF	44
1836	#FFFFFF	44
1837	#FFFFFF	44
1838	#FFFFFF	44
1839	#FFFFFF	44
1840	#FFFFFF	2054
1841	#FFFFFF	2054
1842	#FFFFFF	2054
1843	#FFFFFF	558
1844	#FFFFFF	2054
1845	#FFFFFF	44
1846	#FFFFFF	44
1847	#FFFFFF	44
1848	#FFFFFF	44
1849	#FFFFFF	44
1850	#FFFFFF	44
1851	#FFFFFF	44
1852	#FFFFFF	44
1853	#FFFFFF	44
1854	#FFFFFF	1416
1855	#FFFFFF	44
1856	#FFFFFF	44
1857	#FFFFFF	44
1858	#FFFFFF	44
1859	#FFFFFF	44
1860	#FFFFFF	44
1861	#FFFFFF	44
1862	#FFFFFF	44
1863	#FFFFFF	2831
1864	#FFFFFF	558
1865	#FFFFFF	1416
1866	#FFFFFF	558
1867	#FFFFFF	558
1868	#FFFFFF	558
1870	#FFFFFF	558
1871	#FFFFFF	558
1872	#FFFFFF	558
1873	#FFFFFF	558
1874	#FFFFFF	558
1875	#FFFFFF	558
1876	#FFFFFF	558
1877	#FFFFFF	558
1878	#FFFFFF	558
1879	#FFFFFF	558
1880	#FFFFFF	558
1881	#FFFFFF	558
1882	#FFFFFF	558
1883	#FFFFFF	44
1884	#FFFFFF	44
1885	#FFFFFF	44
1886	#FFFFFF	44
1887	#FFFFFF	2054
1888	#FFFFFF	44
1889	#FFFFFF	2054
1890	#FFFFFF	2054
1891	#FFFFFF	2054
1892	#FFFFFF	2054
1893	#FFFFFF	558
1894	#FFFFFF	2054
1895	#FFFFFF	2054
1896	#FFFFFF	2054
1897	#FFFFFF	2054
1898	#FFFFFF	44
1899	#FFFFFF	44
1900	#FFFFFF	44
1901	#FFFFFF	44
1902	#FFFFFF	44
1903	#FFFFFF	44
1904	#FFFFFF	558
1905	#FFFFFF	44
1906	#FFFFFF	44
1907	#FFFFFF	44
1908	#FFFFFF	44
1909	#FFFFFF	44
1910	#FFFFFF	44
1911	#FFFFFF	44
1912	#FFFFFF	44
1913	#FFFFFF	2831
1915	#FFFFFF	558
1916	#FFFFFF	558
1917	#FFFFFF	558
1918	#FFFFFF	558
1919	#FFFFFF	558
1920	#FFFFFF	558
1921	#FFFFFF	558
1922	#FFFFFF	558
1923	#FFFFFF	558
1924	#FFFFFF	558
1925	#FFFFFF	558
1926	#FFFFFF	558
1927	#FFFFFF	558
1928	#FFFFFF	558
1929	#FFFFFF	558
1930	#FFFFFF	558
1931	#FFFFFF	558
1932	#FFFFFF	558
1933	#FFFFFF	558
1934	#FFFFFF	44
1935	#FFFFFF	44
1936	#FFFFFF	44
1937	#FFFFFF	2054
1938	#FFFFFF	2054
1939	#FFFFFF	2054
1940	#FFFFFF	2054
1941	#FFFFFF	2054
1942	#FFFFFF	2054
1943	#FFFFFF	2054
1944	#FFFFFF	558
1945	#FFFFFF	2054
1946	#FFFFFF	2054
1947	#FFFFFF	2054
1948	#FFFFFF	44
1949	#FFFFFF	44
1950	#FFFFFF	44
1951	#FFFFFF	44
1952	#FFFFFF	44
1953	#FFFFFF	44
1954	#FFFFFF	44
1955	#FFFFFF	558
1956	#FFFFFF	44
1957	#FFFFFF	44
1958	#FFFFFF	44
1959	#FFFFFF	44
1960	#FFFFFF	44
1961	#FFFFFF	44
1962	#FFFFFF	44
1963	#FFFFFF	2831
1964	#FFFFFF	2831
1965	#FFFFFF	558
1966	#FFFFFF	558
1967	#FFFFFF	558
1968	#FFFFFF	558
1969	#FFFFFF	558
1971	#FFFFFF	558
1972	#FFFFFF	558
1973	#FFFFFF	558
1974	#FFFFFF	558
1975	#FFFFFF	558
1976	#FFFFFF	558
1977	#FFFFFF	558
1978	#FFFFFF	558
1979	#FFFFFF	558
1980	#FFFFFF	558
1981	#FFFFFF	558
1982	#FFFFFF	558
1983	#FFFFFF	558
1984	#FFFFFF	44
1985	#FFFFFF	44
1986	#FFFFFF	44
1987	#FFFFFF	44
1988	#FFFFFF	2054
1989	#FFFFFF	2054
1990	#FFFFFF	2054
1991	#FFFFFF	2054
1992	#FFFFFF	2054
1993	#FFFFFF	2054
1994	#FFFFFF	558
1995	#FFFFFF	2054
1996	#FFFFFF	2054
1997	#FFFFFF	2054
1998	#FFFFFF	2054
1999	#FFFFFF	44
2000	#FFFFFF	44
2001	#FFFFFF	44
2002	#FFFFFF	44
2003	#FFFFFF	44
2004	#FFFFFF	44
2005	#FFFFFF	558
2006	#FFFFFF	44
2007	#FFFFFF	44
2008	#FFFFFF	44
2009	#FFFFFF	44
2010	#FFFFFF	44
2011	#FFFFFF	44
2012	#FFFFFF	44
2013	#FFFFFF	44
2014	#FFFFFF	2831
2016	#FFFFFF	558
2017	#FFFFFF	558
2018	#FFFFFF	558
2019	#FFFFFF	558
2020	#FFFFFF	558
2021	#FFFFFF	558
2022	#FFFFFF	558
2023	#FFFFFF	558
2024	#FFFFFF	558
2025	#FFFFFF	558
2026	#FFFFFF	558
2027	#FFFFFF	558
2028	#FFFFFF	558
2029	#FFFFFF	558
2030	#FFFFFF	558
2031	#FFFFFF	558
2032	#FFFFFF	558
2033	#FFFFFF	558
2034	#FFFFFF	558
2035	#FFFFFF	558
2036	#FFFFFF	44
2037	#FFFFFF	44
2038	#FFFFFF	44
2039	#FFFFFF	2054
2040	#FFFFFF	44
2041	#FFFFFF	44
2042	#FFFFFF	44
2043	#FFFFFF	2054
2044	#FFFFFF	2054
2045	#FFFFFF	558
2046	#FFFFFF	2054
2047	#FFFFFF	2054
2048	#FFFFFF	44
2049	#FFFFFF	2054
2050	#FFFFFF	44
2051	#FFFFFF	44
2052	#FFFFFF	44
2053	#FFFFFF	44
2054	#FFFFFF	44
2055	#FFFFFF	44
2056	#FFFFFF	558
2057	#FFFFFF	44
2058	#FFFFFF	44
2059	#FFFFFF	44
2060	#FFFFFF	44
2061	#FFFFFF	44
2062	#FFFFFF	44
2063	#FFFFFF	44
2064	#FFFFFF	2831
2065	#FFFFFF	2831
2066	#FFFFFF	558
2067	#FFFFFF	558
2068	#FFFFFF	558
2069	#FFFFFF	558
2070	#FFFFFF	558
2072	#FFFFFF	558
2073	#FFFFFF	558
2074	#FFFFFF	558
2075	#FFFFFF	558
2076	#FFFFFF	558
2077	#FFFFFF	558
2078	#FFFFFF	558
2079	#FFFFFF	558
2080	#FFFFFF	558
2081	#FFFFFF	558
2082	#FFFFFF	558
2083	#FFFFFF	558
2084	#FFFFFF	558
2085	#FFFFFF	558
2086	#FFFFFF	558
2087	#FFFFFF	44
2088	#FFFFFF	44
2089	#FFFFFF	44
2090	#FFFFFF	44
2091	#FFFFFF	44
2092	#FFFFFF	44
2093	#FFFFFF	44
2094	#FFFFFF	44
2095	#FFFFFF	558
2096	#FFFFFF	2054
2097	#FFFFFF	2054
2098	#FFFFFF	2054
2099	#FFFFFF	44
2100	#FFFFFF	44
2101	#FFFFFF	44
2102	#FFFFFF	44
2103	#FFFFFF	44
2104	#FFFFFF	44
2105	#FFFFFF	44
2106	#FFFFFF	558
2107	#FFFFFF	44
2108	#FFFFFF	44
2109	#FFFFFF	44
2110	#FFFFFF	44
2111	#FFFFFF	44
2112	#FFFFFF	44
2113	#FFFFFF	44
2114	#FFFFFF	44
2115	#FFFFFF	2831
2117	#FFFFFF	558
2118	#FFFFFF	558
2119	#FFFFFF	558
2120	#FFFFFF	558
2121	#FFFFFF	558
2122	#FFFFFF	558
2123	#FFFFFF	558
2124	#FFFFFF	558
2125	#FFFFFF	558
2126	#FFFFFF	558
2127	#FFFFFF	558
2128	#FFFFFF	558
2129	#FFFFFF	558
2130	#FFFFFF	558
2131	#FFFFFF	558
2132	#FFFFFF	558
2133	#FFFFFF	558
2134	#FFFFFF	558
2135	#FFFFFF	558
2136	#FFFFFF	558
2137	#FFFFFF	558
2138	#FFFFFF	44
2139	#FFFFFF	44
2140	#FFFFFF	44
2141	#FFFFFF	44
2142	#FFFFFF	44
2143	#FFFFFF	44
2144	#FFFFFF	44
2145	#FFFFFF	2054
2146	#FFFFFF	558
2147	#FFFFFF	2054
2148	#FFFFFF	2054
2149	#FFFFFF	44
2150	#FFFFFF	44
2151	#FFFFFF	44
2152	#FFFFFF	44
2153	#FFFFFF	44
2154	#FFFFFF	44
2155	#FFFFFF	44
2156	#FFFFFF	44
2157	#FFFFFF	558
2158	#FFFFFF	44
2159	#FFFFFF	44
2160	#FFFFFF	44
2161	#FFFFFF	44
2162	#FFFFFF	44
2163	#FFFFFF	44
2164	#FFFFFF	44
2165	#FFFFFF	2831
2166	#FFFFFF	2831
2167	#FFFFFF	558
2168	#FFFFFF	558
2169	#FFFFFF	558
2170	#FFFFFF	558
2171	#FFFFFF	558
2173	#FFFFFF	558
2174	#FFFFFF	558
2175	#FFFFFF	558
2176	#FFFFFF	558
2177	#FFFFFF	558
2178	#FFFFFF	558
2179	#FFFFFF	558
2180	#FFFFFF	558
2181	#FFFFFF	558
2182	#FFFFFF	558
2183	#FFFFFF	558
2184	#FFFFFF	558
2185	#FFFFFF	558
2186	#FFFFFF	558
2187	#FFFFFF	558
2188	#FFFFFF	44
2189	#FFFFFF	44
2190	#FFFFFF	44
2191	#FFFFFF	44
2192	#FFFFFF	44
2193	#FFFFFF	44
2194	#FFFFFF	44
2195	#FFFFFF	2054
2196	#FFFFFF	558
2197	#FFFFFF	44
2198	#FFFFFF	44
2199	#FFFFFF	44
2200	#FFFFFF	44
2201	#FFFFFF	44
2202	#FFFFFF	44
2203	#FFFFFF	44
2204	#FFFFFF	44
2205	#FFFFFF	44
2206	#FFFFFF	44
2207	#FFFFFF	558
2208	#FFFFFF	44
2209	#FFFFFF	44
2210	#FFFFFF	44
2211	#FFFFFF	44
2212	#FFFFFF	44
2213	#FFFFFF	44
2214	#FFFFFF	44
2215	#FFFFFF	2831
2216	#FFFFFF	44
2218	#FFFFFF	558
2219	#FFFFFF	558
2220	#FFFFFF	558
2221	#FFFFFF	558
2222	#FFFFFF	558
2223	#FFFFFF	558
2224	#FFFFFF	558
2225	#FFFFFF	558
2226	#FFFFFF	558
2227	#FFFFFF	558
2228	#FFFFFF	558
2229	#FFFFFF	558
2230	#FFFFFF	558
2231	#FFFFFF	558
2232	#FFFFFF	558
2233	#FFFFFF	558
2234	#FFFFFF	558
2235	#FFFFFF	558
2236	#FFFFFF	558
2237	#FFFFFF	558
2238	#FFFFFF	44
2239	#FFFFFF	44
2240	#FFFFFF	44
2241	#FFFFFF	44
2242	#FFFFFF	44
2243	#FFFFFF	558
2244	#FFFFFF	44
2245	#FFFFFF	44
2246	#FFFFFF	44
2247	#FFFFFF	558
2248	#FFFFFF	44
2249	#FFFFFF	44
2250	#FFFFFF	44
2251	#FFFFFF	44
2252	#FFFFFF	44
2253	#FFFFFF	44
2254	#FFFFFF	44
2255	#FFFFFF	44
2256	#FFFFFF	44
2257	#FFFFFF	44
2258	#FFFFFF	558
2259	#FFFFFF	44
2260	#FFFFFF	44
2261	#FFFFFF	44
2262	#FFFFFF	44
2263	#FFFFFF	44
2264	#FFFFFF	44
2265	#FFFFFF	44
2266	#FFFFFF	44
2267	#FFFFFF	2831
2268	#FFFFFF	558
2269	#FFFFFF	558
2270	#FFFFFF	558
2271	#FFFFFF	558
2272	#FFFFFF	558
2275	#FFFFFF	1416
2276	#FFFFFF	1416
2277	#FFFFFF	1416
2278	#FFFFFF	558
2279	#FFFFFF	558
2280	#FFFFFF	558
2281	#FFFFFF	558
2282	#FFFFFF	558
2283	#FFFFFF	558
2284	#FFFFFF	558
2285	#FFFFFF	558
2286	#FFFFFF	1416
2287	#FFFFFF	558
2288	#FFFFFF	558
2289	#FFFFFF	558
2290	#FFFFFF	558
2291	#FFFFFF	558
2292	#FFFFFF	558
2293	#FFFFFF	558
2294	#FFFFFF	558
2295	#FFFFFF	558
2296	#FFFFFF	558
2297	#FFFFFF	1416
2298	#FFFFFF	558
2299	#FFFFFF	558
2300	#FFFFFF	2660
2301	#FFFFFF	558
2302	#FFFFFF	2660
2303	#FFFFFF	2660
2304	#FFFFFF	2660
2305	#FFFFFF	2660
2306	#FFFFFF	2054
2307	#FFFFFF	2054
2308	#FFFFFF	1416
2309	#FFFFFF	2054
2310	#FFFFFF	2054
2311	#FFFFFF	2660
2312	#FFFFFF	2660
2313	#FFFFFF	2660
2314	#FFFFFF	2660
2315	#FFFFFF	2660
2316	#FFFFFF	2660
2317	#FFFFFF	2660
2319	#FFFFFF	1416
2320	#FFFFFF	1416
2321	#FFFFFF	1416
2322	#FFFFFF	1416
2323	#FFFFFF	1416
2324	#FFFFFF	1416
2325	#FFFFFF	1416
2326	#FFFFFF	1416
2327	#FFFFFF	1416
2328	#FFFFFF	1416
2329	#FFFFFF	558
2330	#FFFFFF	558
2331	#FFFFFF	558
2332	#FFFFFF	558
2333	#FFFFFF	558
2334	#FFFFFF	558
2335	#FFFFFF	558
2336	#FFFFFF	558
2337	#FFFFFF	1416
2338	#FFFFFF	558
2339	#FFFFFF	558
2340	#FFFFFF	558
2341	#FFFFFF	558
2342	#FFFFFF	558
2343	#FFFFFF	558
2344	#FFFFFF	558
2345	#FFFFFF	558
2346	#FFFFFF	558
2347	#FFFFFF	558
2348	#FFFFFF	1416
2349	#FFFFFF	2660
2350	#FFFFFF	2660
2351	#FFFFFF	558
2352	#FFFFFF	558
2353	#FFFFFF	2660
2354	#FFFFFF	2660
2355	#FFFFFF	2660
2356	#FFFFFF	2054
2357	#FFFFFF	2054
2358	#FFFFFF	2054
2359	#FFFFFF	1416
2360	#FFFFFF	2054
2361	#FFFFFF	2054
2362	#FFFFFF	2054
2363	#FFFFFF	2660
2364	#FFFFFF	2660
2365	#FFFFFF	2660
2366	#FFFFFF	2660
2367	#FFFFFF	2054
2368	#FFFFFF	2660
2369	#FFFFFF	1416
2370	#FFFFFF	1416
2371	#FFFFFF	1416
2372	#FFFFFF	1416
2373	#FFFFFF	1416
2375	#FFFFFF	558
2376	#FFFFFF	558
2377	#FFFFFF	558
2378	#FFFFFF	558
2379	#FFFFFF	558
2380	#FFFFFF	558
2381	#FFFFFF	558
2382	#FFFFFF	558
2383	#FFFFFF	558
2384	#FFFFFF	558
2385	#FFFFFF	558
2386	#FFFFFF	558
2387	#FFFFFF	558
2388	#FFFFFF	558
2389	#FFFFFF	558
2390	#FFFFFF	558
2391	#FFFFFF	44
2392	#FFFFFF	44
2393	#FFFFFF	44
2394	#FFFFFF	44
2395	#FFFFFF	558
2396	#FFFFFF	44
2397	#FFFFFF	44
2398	#FFFFFF	558
2399	#FFFFFF	44
2400	#FFFFFF	44
2401	#FFFFFF	44
2402	#FFFFFF	44
2403	#FFFFFF	44
2404	#FFFFFF	44
2405	#FFFFFF	44
2406	#FFFFFF	44
2407	#FFFFFF	44
2408	#FFFFFF	44
2409	#FFFFFF	558
2410	#FFFFFF	44
2411	#FFFFFF	44
2412	#FFFFFF	44
2413	#FFFFFF	44
2414	#FFFFFF	44
2415	#FFFFFF	44
2416	#FFFFFF	44
2417	#FFFFFF	44
2418	#FFFFFF	2831
2420	#FFFFFF	558
2421	#FFFFFF	558
2422	#FFFFFF	558
2423	#FFFFFF	558
2424	#FFFFFF	558
2425	#FFFFFF	558
2426	#FFFFFF	558
2427	#FFFFFF	558
2428	#FFFFFF	558
2429	#FFFFFF	558
2430	#FFFFFF	558
2431	#FFFFFF	558
2432	#FFFFFF	558
2433	#FFFFFF	558
2434	#FFFFFF	558
2435	#FFFFFF	558
2436	#FFFFFF	1846
2437	#FFFFFF	558
2438	#FFFFFF	558
2439	#FFFFFF	558
2440	#FFFFFF	558
2441	#FFFFFF	558
2442	#FFFFFF	558
2443	#FFFFFF	44
2444	#FFFFFF	44
2445	#FFFFFF	558
2446	#FFFFFF	558
2447	#FFFFFF	44
2448	#FFFFFF	558
2449	#FFFFFF	558
2450	#FFFFFF	44
2451	#FFFFFF	44
2452	#FFFFFF	44
2453	#FFFFFF	44
2454	#FFFFFF	44
2455	#FFFFFF	44
2456	#FFFFFF	44
2457	#FFFFFF	44
2458	#FFFFFF	44
2459	#FFFFFF	44
2460	#FFFFFF	558
2461	#FFFFFF	44
2462	#FFFFFF	44
2463	#FFFFFF	44
2464	#FFFFFF	44
2465	#FFFFFF	44
2466	#FFFFFF	44
2467	#FFFFFF	44
2468	#FFFFFF	2831
2469	#FFFFFF	2831
2470	#FFFFFF	558
2471	#FFFFFF	558
2472	#FFFFFF	558
2473	#FFFFFF	558
2474	#FFFFFF	558
2476	#FFFFFF	558
2477	#FFFFFF	558
2478	#FFFFFF	558
2479	#FFFFFF	558
2480	#FFFFFF	558
2481	#FFFFFF	558
2482	#FFFFFF	558
2483	#FFFFFF	558
2484	#FFFFFF	558
2485	#FFFFFF	558
2486	#FFFFFF	558
2487	#FFFFFF	1846
2488	#FFFFFF	558
2489	#FFFFFF	1846
2490	#FFFFFF	1846
2491	#FFFFFF	558
2492	#FFFFFF	558
2493	#FFFFFF	558
2494	#FFFFFF	558
2495	#FFFFFF	558
2496	#FFFFFF	558
2497	#FFFFFF	44
2498	#FFFFFF	558
2499	#FFFFFF	558
2500	#FFFFFF	558
2501	#FFFFFF	44
2502	#FFFFFF	44
2503	#FFFFFF	44
2504	#FFFFFF	44
2505	#FFFFFF	44
2506	#FFFFFF	44
2507	#FFFFFF	44
2508	#FFFFFF	44
2509	#FFFFFF	44
2510	#FFFFFF	558
2511	#FFFFFF	44
2512	#FFFFFF	44
2513	#FFFFFF	44
2514	#FFFFFF	44
2515	#FFFFFF	44
2516	#FFFFFF	44
2517	#FFFFFF	44
2518	#FFFFFF	44
2519	#FFFFFF	2831
2521	#FFFFFF	558
2522	#FFFFFF	558
2523	#FFFFFF	558
2524	#FFFFFF	558
2525	#FFFFFF	558
2526	#FFFFFF	558
2527	#FFFFFF	558
2528	#FFFFFF	558
2529	#FFFFFF	558
2530	#FFFFFF	558
2531	#FFFFFF	558
2532	#FFFFFF	558
2533	#FFFFFF	558
2534	#FFFFFF	558
2535	#FFFFFF	558
2536	#FFFFFF	558
2537	#FFFFFF	1846
2538	#FFFFFF	1846
2539	#FFFFFF	558
2540	#FFFFFF	1846
2541	#FFFFFF	1846
2542	#FFFFFF	558
2543	#FFFFFF	1846
2544	#FFFFFF	558
2545	#FFFFFF	558
2546	#FFFFFF	558
2547	#FFFFFF	558
2548	#FFFFFF	558
2549	#FFFFFF	558
2550	#FFFFFF	558
2551	#FFFFFF	44
2552	#FFFFFF	44
2553	#FFFFFF	44
2554	#FFFFFF	44
2555	#FFFFFF	44
2556	#FFFFFF	44
2557	#FFFFFF	44
2558	#FFFFFF	44
2559	#FFFFFF	44
2560	#FFFFFF	44
2561	#FFFFFF	558
2562	#FFFFFF	44
2563	#FFFFFF	44
2564	#FFFFFF	44
2565	#FFFFFF	44
2566	#FFFFFF	44
2567	#FFFFFF	44
2568	#FFFFFF	44
2569	#FFFFFF	2831
2570	#FFFFFF	2831
2571	#FFFFFF	558
2572	#FFFFFF	558
2573	#FFFFFF	558
2574	#FFFFFF	558
2575	#FFFFFF	558
2577	#FFFFFF	558
2578	#FFFFFF	558
2579	#FFFFFF	558
2580	#FFFFFF	558
2581	#FFFFFF	558
2582	#FFFFFF	558
2583	#FFFFFF	558
2584	#FFFFFF	558
2585	#FFFFFF	558
2586	#FFFFFF	558
2587	#FFFFFF	1846
2588	#FFFFFF	1846
2589	#FFFFFF	558
2590	#FFFFFF	1846
2591	#FFFFFF	1846
2592	#FFFFFF	558
2593	#FFFFFF	1846
2594	#FFFFFF	1846
2595	#FFFFFF	558
2596	#FFFFFF	558
2597	#FFFFFF	558
2598	#FFFFFF	558
2599	#FFFFFF	558
2600	#FFFFFF	558
2601	#FFFFFF	44
2602	#FFFFFF	44
2603	#FFFFFF	44
2604	#FFFFFF	44
2605	#FFFFFF	44
2606	#FFFFFF	44
2607	#FFFFFF	44
2608	#FFFFFF	44
2609	#FFFFFF	44
2610	#FFFFFF	44
2611	#FFFFFF	558
2612	#FFFFFF	44
2613	#FFFFFF	44
2614	#FFFFFF	44
2615	#FFFFFF	44
2616	#FFFFFF	44
2617	#FFFFFF	2831
2618	#FFFFFF	44
2619	#FFFFFF	2831
2620	#FFFFFF	2831
2622	#FFFFFF	558
2623	#FFFFFF	558
2624	#FFFFFF	558
2625	#FFFFFF	558
2626	#FFFFFF	558
2627	#FFFFFF	558
2628	#FFFFFF	558
2629	#FFFFFF	558
2630	#FFFFFF	558
2631	#FFFFFF	558
2632	#FFFFFF	558
2633	#FFFFFF	558
2634	#FFFFFF	558
2635	#FFFFFF	558
2636	#FFFFFF	558
2637	#FFFFFF	558
2638	#FFFFFF	1846
2639	#FFFFFF	1846
2640	#FFFFFF	558
2641	#FFFFFF	1846
2642	#FFFFFF	558
2643	#FFFFFF	1846
2644	#FFFFFF	1846
2645	#FFFFFF	558
2646	#FFFFFF	558
2647	#FFFFFF	558
2648	#FFFFFF	558
2649	#FFFFFF	558
2650	#FFFFFF	44
2651	#FFFFFF	558
2652	#FFFFFF	44
2653	#FFFFFF	44
2654	#FFFFFF	44
2655	#FFFFFF	44
2656	#FFFFFF	44
2657	#FFFFFF	44
2658	#FFFFFF	44
2659	#FFFFFF	44
2660	#FFFFFF	44
2661	#FFFFFF	44
2662	#FFFFFF	558
2663	#FFFFFF	44
2664	#FFFFFF	44
2665	#FFFFFF	44
2666	#FFFFFF	44
2667	#FFFFFF	2831
2668	#FFFFFF	44
2669	#FFFFFF	44
2670	#FFFFFF	2831
2671	#FFFFFF	2831
2672	#FFFFFF	558
2673	#FFFFFF	558
2674	#FFFFFF	558
2675	#FFFFFF	558
2676	#FFFFFF	558
2678	#FFFFFF	558
2679	#FFFFFF	50
2680	#FFFFFF	558
2681	#FFFFFF	558
2682	#FFFFFF	558
2683	#FFFFFF	558
2684	#FFFFFF	558
2685	#FFFFFF	558
2686	#FFFFFF	1846
2687	#FFFFFF	558
2688	#FFFFFF	1846
2689	#FFFFFF	1846
2690	#FFFFFF	558
2691	#FFFFFF	1846
2692	#FFFFFF	558
2693	#FFFFFF	1846
2694	#FFFFFF	1846
2695	#FFFFFF	1846
2696	#FFFFFF	558
2697	#FFFFFF	558
2698	#FFFFFF	558
2699	#FFFFFF	558
2700	#FFFFFF	558
2701	#FFFFFF	558
2702	#FFFFFF	44
2703	#FFFFFF	44
2704	#FFFFFF	44
2705	#FFFFFF	44
2706	#FFFFFF	44
2707	#FFFFFF	44
2708	#FFFFFF	44
2709	#FFFFFF	44
2710	#FFFFFF	558
2711	#FFFFFF	44
2712	#FFFFFF	558
2713	#FFFFFF	44
2714	#FFFFFF	44
2715	#FFFFFF	44
2716	#FFFFFF	44
2717	#FFFFFF	2831
2718	#FFFFFF	44
2719	#FFFFFF	2831
2720	#FFFFFF	44
2721	#FFFFFF	2831
2723	#FFFFFF	558
2724	#FFFFFF	558
2725	#FFFFFF	558
2726	#FFFFFF	558
2727	#FFFFFF	558
2728	#FFFFFF	558
2729	#FFFFFF	558
2730	#FFFFFF	50
2731	#FFFFFF	558
2732	#FFFFFF	558
2733	#FFFFFF	558
2734	#FFFFFF	558
2735	#FFFFFF	558
2736	#FFFFFF	1846
2737	#FFFFFF	558
2738	#FFFFFF	558
2739	#FFFFFF	1846
2740	#FFFFFF	558
2741	#FFFFFF	558
2742	#FFFFFF	558
2743	#FFFFFF	558
2744	#FFFFFF	1846
2745	#FFFFFF	1846
2746	#FFFFFF	558
2747	#FFFFFF	558
2748	#FFFFFF	558
2749	#FFFFFF	558
2750	#FFFFFF	1846
2751	#FFFFFF	558
2752	#FFFFFF	50
2753	#FFFFFF	558
2754	#FFFFFF	558
2755	#FFFFFF	44
2756	#FFFFFF	44
2757	#FFFFFF	44
2758	#FFFFFF	44
2759	#FFFFFF	44
2760	#FFFFFF	558
2761	#FFFFFF	44
2762	#FFFFFF	44
2763	#FFFFFF	558
2764	#FFFFFF	44
2765	#FFFFFF	2831
2766	#FFFFFF	44
2767	#FFFFFF	44
2768	#FFFFFF	2831
2769	#FFFFFF	2831
2770	#FFFFFF	2831
2771	#FFFFFF	2831
2772	#FFFFFF	2831
2773	#FFFFFF	50
2774	#FFFFFF	558
2775	#FFFFFF	558
2776	#FFFFFF	558
2777	#FFFFFF	558
2779	#FFFFFF	558
2780	#FFFFFF	50
2781	#FFFFFF	558
2782	#FFFFFF	558
2783	#FFFFFF	558
2784	#FFFFFF	558
2785	#FFFFFF	558
2786	#FFFFFF	1846
2787	#FFFFFF	1846
2788	#FFFFFF	1846
2789	#FFFFFF	1846
2790	#FFFFFF	1846
2791	#FFFFFF	558
2792	#FFFFFF	558
2793	#FFFFFF	558
2794	#FFFFFF	558
2795	#FFFFFF	1846
2796	#FFFFFF	1846
2797	#FFFFFF	558
2798	#FFFFFF	558
2799	#FFFFFF	1846
2800	#FFFFFF	1846
2801	#FFFFFF	1846
2802	#FFFFFF	50
2803	#FFFFFF	558
2804	#FFFFFF	558
2805	#FFFFFF	44
2806	#FFFFFF	44
2807	#FFFFFF	44
2808	#FFFFFF	44
2809	#FFFFFF	44
2810	#FFFFFF	44
2811	#FFFFFF	558
2812	#FFFFFF	44
2813	#FFFFFF	50
2814	#FFFFFF	44
2815	#FFFFFF	44
2816	#FFFFFF	2831
2817	#FFFFFF	44
2818	#FFFFFF	2831
2819	#FFFFFF	2831
2820	#FFFFFF	2831
2821	#FFFFFF	2831
2822	#FFFFFF	2831
2824	#FFFFFF	50
2825	#FFFFFF	558
2826	#FFFFFF	558
2827	#FFFFFF	558
2828	#FFFFFF	558
2829	#FFFFFF	50
2830	#FFFFFF	50
2831	#FFFFFF	558
2832	#FFFFFF	558
2833	#FFFFFF	558
2834	#FFFFFF	558
2835	#FFFFFF	558
2836	#FFFFFF	1846
2837	#FFFFFF	1846
2838	#FFFFFF	1846
2839	#FFFFFF	1846
2840	#FFFFFF	1846
2841	#FFFFFF	558
2842	#FFFFFF	558
2843	#FFFFFF	1846
2844	#FFFFFF	1846
2845	#FFFFFF	1846
2846	#FFFFFF	1846
2847	#FFFFFF	1846
2848	#FFFFFF	558
2849	#FFFFFF	1846
2850	#FFFFFF	1846
2851	#FFFFFF	1846
2852	#FFFFFF	558
2853	#FFFFFF	558
2854	#FFFFFF	558
2855	#FFFFFF	44
2856	#FFFFFF	558
2857	#FFFFFF	44
2858	#FFFFFF	44
2859	#FFFFFF	44
2860	#FFFFFF	44
2861	#FFFFFF	558
2862	#FFFFFF	558
2863	#FFFFFF	44
2864	#FFFFFF	50
2865	#FFFFFF	44
2866	#FFFFFF	2831
2867	#FFFFFF	2831
2868	#FFFFFF	2831
2869	#FFFFFF	2831
2870	#FFFFFF	2831
2871	#FFFFFF	2831
2872	#FFFFFF	2831
2873	#FFFFFF	2831
2874	#FFFFFF	558
2875	#FFFFFF	558
2876	#FFFFFF	558
2877	#FFFFFF	558
2878	#FFFFFF	558
2880	#FFFFFF	50
2881	#FFFFFF	558
2882	#FFFFFF	558
2883	#FFFFFF	558
2884	#FFFFFF	558
2885	#FFFFFF	558
2886	#FFFFFF	558
2887	#FFFFFF	558
2888	#FFFFFF	1846
2889	#FFFFFF	1846
2890	#FFFFFF	1846
2891	#FFFFFF	558
2892	#FFFFFF	558
2893	#FFFFFF	558
2894	#FFFFFF	1846
2895	#FFFFFF	1846
2896	#FFFFFF	1846
2897	#FFFFFF	1846
2898	#FFFFFF	558
2899	#FFFFFF	558
2900	#FFFFFF	1846
2901	#FFFFFF	1846
2902	#FFFFFF	558
2903	#FFFFFF	558
2904	#FFFFFF	558
2905	#FFFFFF	558
2906	#FFFFFF	44
2907	#FFFFFF	558
2908	#FFFFFF	44
2909	#FFFFFF	44
2910	#FFFFFF	558
2911	#FFFFFF	558
2912	#FFFFFF	558
2913	#FFFFFF	44
2914	#FFFFFF	50
2915	#FFFFFF	44
2916	#FFFFFF	44
2917	#FFFFFF	44
2918	#FFFFFF	2831
2919	#FFFFFF	2831
2920	#FFFFFF	2831
2921	#FFFFFF	2831
2922	#FFFFFF	2831
2923	#FFFFFF	2831
2925	#FFFFFF	50
2926	#FFFFFF	558
2927	#FFFFFF	558
2928	#FFFFFF	558
2929	#FFFFFF	558
2930	#FFFFFF	50
2931	#FFFFFF	50
2932	#FFFFFF	558
2933	#FFFFFF	558
2934	#FFFFFF	558
2935	#FFFFFF	558
2936	#FFFFFF	558
2937	#FFFFFF	558
2938	#FFFFFF	1846
2939	#FFFFFF	1846
2940	#FFFFFF	1846
2941	#FFFFFF	1846
2942	#FFFFFF	1846
2943	#FFFFFF	558
2944	#FFFFFF	1846
2945	#FFFFFF	1846
2946	#FFFFFF	1846
2947	#FFFFFF	1846
2948	#FFFFFF	1846
2949	#FFFFFF	558
2950	#FFFFFF	1846
2951	#FFFFFF	1846
2952	#FFFFFF	1846
2953	#FFFFFF	558
2954	#FFFFFF	558
2955	#FFFFFF	558
2956	#FFFFFF	558
2957	#FFFFFF	558
2958	#FFFFFF	44
2959	#FFFFFF	44
2960	#FFFFFF	558
2961	#FFFFFF	558
2962	#FFFFFF	558
2963	#FFFFFF	558
2964	#FFFFFF	44
2965	#FFFFFF	50
2966	#FFFFFF	44
2967	#FFFFFF	44
2968	#FFFFFF	44
2969	#FFFFFF	2831
2970	#FFFFFF	2831
2971	#FFFFFF	2831
2972	#FFFFFF	2831
2973	#FFFFFF	2831
2974	#FFFFFF	2831
2975	#FFFFFF	50
2976	#FFFFFF	558
2977	#FFFFFF	558
2978	#FFFFFF	558
2979	#FFFFFF	558
2981	#FFFFFF	50
2982	#FFFFFF	50
2983	#FFFFFF	558
2984	#FFFFFF	558
2985	#FFFFFF	558
2986	#FFFFFF	558
2987	#FFFFFF	558
2988	#FFFFFF	1846
2989	#FFFFFF	1846
2990	#FFFFFF	1846
2991	#FFFFFF	1846
2992	#FFFFFF	1846
2993	#FFFFFF	50
2994	#FFFFFF	1846
2995	#FFFFFF	558
2996	#FFFFFF	1846
2997	#FFFFFF	1846
2998	#FFFFFF	1846
2999	#FFFFFF	1846
3000	#FFFFFF	1846
3001	#FFFFFF	558
3002	#FFFFFF	558
3003	#FFFFFF	1846
3004	#FFFFFF	50
3005	#FFFFFF	558
3006	#FFFFFF	558
3007	#FFFFFF	558
3008	#FFFFFF	558
3009	#FFFFFF	558
3010	#FFFFFF	558
3011	#FFFFFF	558
3012	#FFFFFF	558
3013	#FFFFFF	558
3014	#FFFFFF	44
3015	#FFFFFF	50
3016	#FFFFFF	44
3017	#FFFFFF	44
3018	#FFFFFF	44
3019	#FFFFFF	44
3020	#FFFFFF	2831
3021	#FFFFFF	2831
3022	#FFFFFF	2831
3023	#FFFFFF	44
3024	#FFFFFF	2831
3026	#FFFFFF	558
3027	#FFFFFF	558
3028	#FFFFFF	558
3029	#FFFFFF	558
3030	#FFFFFF	558
3031	#FFFFFF	50
3032	#FFFFFF	50
3033	#FFFFFF	50
3034	#FFFFFF	558
3035	#FFFFFF	558
3036	#FFFFFF	558
3037	#FFFFFF	1846
3038	#FFFFFF	1846
3039	#FFFFFF	1846
3040	#FFFFFF	1846
3041	#FFFFFF	1846
3042	#FFFFFF	1846
3043	#FFFFFF	1846
3044	#FFFFFF	50
3045	#FFFFFF	558
3046	#FFFFFF	1846
3047	#FFFFFF	1846
3048	#FFFFFF	1846
3049	#FFFFFF	1846
3050	#FFFFFF	1846
3051	#FFFFFF	1846
3052	#FFFFFF	558
3053	#FFFFFF	1846
3054	#FFFFFF	558
3055	#FFFFFF	50
3056	#FFFFFF	558
3057	#FFFFFF	558
3058	#FFFFFF	558
3059	#FFFFFF	558
3060	#FFFFFF	558
3061	#FFFFFF	558
3062	#FFFFFF	558
3063	#FFFFFF	558
3064	#FFFFFF	44
3065	#FFFFFF	44
3066	#FFFFFF	558
3067	#FFFFFF	44
3068	#FFFFFF	44
3069	#FFFFFF	44
3070	#FFFFFF	2831
3071	#FFFFFF	2831
3072	#FFFFFF	2831
3073	#FFFFFF	44
3074	#FFFFFF	44
3075	#FFFFFF	2829
3076	#FFFFFF	558
3077	#FFFFFF	558
3078	#FFFFFF	558
3079	#FFFFFF	558
3080	#FFFFFF	558
3082	#FFFFFF	50
3083	#FFFFFF	50
3084	#FFFFFF	558
3085	#FFFFFF	558
3086	#FFFFFF	558
3087	#FFFFFF	558
3088	#FFFFFF	1846
3089	#FFFFFF	1846
3090	#FFFFFF	1846
3091	#FFFFFF	1846
3092	#FFFFFF	1846
3093	#FFFFFF	1846
3094	#FFFFFF	50
3095	#FFFFFF	1846
3096	#FFFFFF	558
3097	#FFFFFF	558
3098	#FFFFFF	1846
3099	#FFFFFF	558
3100	#FFFFFF	1846
3101	#FFFFFF	1846
3102	#FFFFFF	558
3103	#FFFFFF	1846
3104	#FFFFFF	558
3105	#FFFFFF	50
3106	#FFFFFF	558
3107	#FFFFFF	558
3108	#FFFFFF	558
3109	#FFFFFF	558
3110	#FFFFFF	558
3111	#FFFFFF	558
3112	#FFFFFF	558
3113	#FFFFFF	44
3114	#FFFFFF	558
3115	#FFFFFF	44
3116	#FFFFFF	50
3117	#FFFFFF	44
3118	#FFFFFF	44
3119	#FFFFFF	44
3120	#FFFFFF	44
3121	#FFFFFF	2831
3122	#FFFFFF	2831
3123	#FFFFFF	2831
3124	#FFFFFF	44
3125	#FFFFFF	1001
3127	#FFFFFF	558
3128	#FFFFFF	558
3129	#FFFFFF	558
3130	#FFFFFF	558
3131	#FFFFFF	558
3132	#FFFFFF	50
3133	#FFFFFF	50
3134	#FFFFFF	558
3135	#FFFFFF	558
3136	#FFFFFF	558
3137	#FFFFFF	1846
3138	#FFFFFF	1846
3139	#FFFFFF	1846
3140	#FFFFFF	1846
3141	#FFFFFF	1846
3142	#FFFFFF	1846
3143	#FFFFFF	1846
3144	#FFFFFF	1846
3145	#FFFFFF	50
3146	#FFFFFF	1846
3147	#FFFFFF	558
3148	#FFFFFF	558
3149	#FFFFFF	558
3150	#FFFFFF	1846
3151	#FFFFFF	1846
3152	#FFFFFF	1846
3153	#FFFFFF	558
3154	#FFFFFF	558
3155	#FFFFFF	558
3156	#FFFFFF	50
3157	#FFFFFF	558
3158	#FFFFFF	558
3159	#FFFFFF	558
3160	#FFFFFF	558
3161	#FFFFFF	558
3162	#FFFFFF	558
3163	#FFFFFF	558
3164	#FFFFFF	44
3165	#FFFFFF	44
3166	#FFFFFF	44
3167	#FFFFFF	558
3168	#FFFFFF	44
3169	#FFFFFF	44
3170	#FFFFFF	44
3171	#FFFFFF	44
3172	#FFFFFF	2831
3173	#FFFFFF	2831
3174	#FFFFFF	44
3175	#FFFFFF	1001
3176	#FFFFFF	1001
3177	#FFFFFF	558
3178	#FFFFFF	558
3179	#FFFFFF	558
3180	#FFFFFF	558
3181	#FFFFFF	558
3183	#FFFFFF	50
3184	#FFFFFF	50
3185	#FFFFFF	558
3186	#FFFFFF	558
3187	#FFFFFF	1846
3188	#FFFFFF	1846
3189	#FFFFFF	558
3190	#FFFFFF	1846
3191	#FFFFFF	1846
3192	#FFFFFF	1846
3193	#FFFFFF	1846
3194	#FFFFFF	1846
3195	#FFFFFF	558
3196	#FFFFFF	1846
3197	#FFFFFF	558
3198	#FFFFFF	558
3199	#FFFFFF	558
3200	#FFFFFF	558
3201	#FFFFFF	1846
3202	#FFFFFF	1846
3203	#FFFFFF	1846
3204	#FFFFFF	558
3205	#FFFFFF	558
3206	#FFFFFF	50
3207	#FFFFFF	558
3208	#FFFFFF	1846
3209	#FFFFFF	558
3210	#FFFFFF	558
3211	#FFFFFF	558
3212	#FFFFFF	558
3213	#FFFFFF	558
3214	#FFFFFF	558
3215	#FFFFFF	44
3216	#FFFFFF	44
3217	#FFFFFF	50
3218	#FFFFFF	44
3219	#FFFFFF	44
3220	#FFFFFF	44
3221	#FFFFFF	44
3222	#FFFFFF	2831
3223	#FFFFFF	2831
3224	#FFFFFF	44
3225	#FFFFFF	44
3226	#FFFFFF	1001
3228	#FFFFFF	558
3229	#FFFFFF	558
3230	#FFFFFF	558
3231	#FFFFFF	558
3232	#FFFFFF	558
3233	#FFFFFF	50
3234	#FFFFFF	50
3235	#FFFFFF	558
3236	#FFFFFF	558
3237	#FFFFFF	1846
3238	#FFFFFF	558
3239	#FFFFFF	558
3240	#FFFFFF	558
3241	#FFFFFF	1846
3242	#FFFFFF	1846
3243	#FFFFFF	1846
3244	#FFFFFF	1846
3245	#FFFFFF	1846
3246	#FFFFFF	50
3247	#FFFFFF	558
3248	#FFFFFF	1846
3249	#FFFFFF	1846
3250	#FFFFFF	558
3251	#FFFFFF	558
3252	#FFFFFF	1846
3253	#FFFFFF	1846
3254	#FFFFFF	1846
3255	#FFFFFF	1846
3256	#FFFFFF	558
3257	#FFFFFF	50
3258	#FFFFFF	558
3259	#FFFFFF	1846
3260	#FFFFFF	558
3261	#FFFFFF	558
3262	#FFFFFF	558
3263	#FFFFFF	558
3264	#FFFFFF	558
3265	#FFFFFF	44
3266	#FFFFFF	44
3267	#FFFFFF	44
3268	#FFFFFF	558
3269	#FFFFFF	44
3270	#FFFFFF	44
3271	#FFFFFF	44
3272	#FFFFFF	44
3273	#FFFFFF	2831
3274	#FFFFFF	44
3275	#FFFFFF	44
3276	#FFFFFF	1001
3277	#FFFFFF	1001
3278	#FFFFFF	50
3279	#FFFFFF	558
3280	#FFFFFF	558
3281	#FFFFFF	558
3282	#FFFFFF	558
3284	#FFFFFF	50
3285	#FFFFFF	558
3286	#FFFFFF	558
3287	#FFFFFF	558
3288	#FFFFFF	558
3289	#FFFFFF	558
3290	#FFFFFF	558
3291	#FFFFFF	558
3292	#FFFFFF	1846
3293	#FFFFFF	1846
3294	#FFFFFF	1846
3295	#FFFFFF	1846
3296	#FFFFFF	558
3297	#FFFFFF	558
3298	#FFFFFF	558
3299	#FFFFFF	1846
3300	#FFFFFF	1846
3301	#FFFFFF	1846
3302	#FFFFFF	1846
3303	#FFFFFF	1846
3304	#FFFFFF	1846
3305	#FFFFFF	1846
3306	#FFFFFF	1846
3307	#FFFFFF	50
3308	#FFFFFF	1846
3309	#FFFFFF	1846
3310	#FFFFFF	558
3311	#FFFFFF	558
3312	#FFFFFF	558
3313	#FFFFFF	558
3314	#FFFFFF	558
3315	#FFFFFF	44
3316	#FFFFFF	44
3317	#FFFFFF	44
3318	#FFFFFF	50
3319	#FFFFFF	44
3320	#FFFFFF	44
3321	#FFFFFF	44
3322	#FFFFFF	44
3323	#FFFFFF	44
3324	#FFFFFF	2831
3325	#FFFFFF	2831
3326	#FFFFFF	44
3327	#FFFFFF	44
3329	#FFFFFF	50
3330	#FFFFFF	558
3331	#FFFFFF	558
3332	#FFFFFF	558
3333	#FFFFFF	558
3334	#FFFFFF	50
3335	#FFFFFF	558
3336	#FFFFFF	558
3337	#FFFFFF	558
3338	#FFFFFF	558
3339	#FFFFFF	558
3340	#FFFFFF	558
3341	#FFFFFF	558
3342	#FFFFFF	558
3343	#FFFFFF	1846
3344	#FFFFFF	1846
3345	#FFFFFF	1846
3346	#FFFFFF	558
3347	#FFFFFF	558
3348	#FFFFFF	558
3349	#FFFFFF	558
3350	#FFFFFF	1846
3351	#FFFFFF	1846
3352	#FFFFFF	1846
3353	#FFFFFF	1846
3354	#FFFFFF	1846
3355	#FFFFFF	1846
3356	#FFFFFF	1846
3357	#FFFFFF	1846
3358	#FFFFFF	558
3359	#FFFFFF	1846
3360	#FFFFFF	1846
3361	#FFFFFF	558
3362	#FFFFFF	558
3363	#FFFFFF	558
3364	#FFFFFF	558
3365	#FFFFFF	558
3366	#FFFFFF	44
3367	#FFFFFF	44
3368	#FFFFFF	44
3369	#FFFFFF	50
3370	#FFFFFF	44
3371	#FFFFFF	44
3372	#FFFFFF	44
3373	#FFFFFF	44
3374	#FFFFFF	44
3375	#FFFFFF	2831
3376	#FFFFFF	2831
3377	#FFFFFF	44
3378	#FFFFFF	1001
3379	#FFFFFF	50
3380	#FFFFFF	558
3381	#FFFFFF	558
3382	#FFFFFF	558
3383	#FFFFFF	558
3385	#FFFFFF	1416
3386	#FFFFFF	1416
3387	#FFFFFF	1416
3388	#FFFFFF	1416
3389	#FFFFFF	558
3390	#FFFFFF	558
3391	#FFFFFF	558
3392	#FFFFFF	558
3393	#FFFFFF	558
3394	#FFFFFF	558
3395	#FFFFFF	558
3396	#FFFFFF	558
3397	#FFFFFF	1416
3398	#FFFFFF	558
3399	#FFFFFF	558
3400	#FFFFFF	558
3401	#FFFFFF	558
3402	#FFFFFF	558
3403	#FFFFFF	558
3404	#FFFFFF	558
3405	#FFFFFF	558
3406	#FFFFFF	558
3407	#FFFFFF	558
3408	#FFFFFF	1416
3409	#FFFFFF	2660
3410	#FFFFFF	2660
3411	#FFFFFF	558
3412	#FFFFFF	558
3413	#FFFFFF	2660
3414	#FFFFFF	2660
3415	#FFFFFF	2660
3416	#FFFFFF	2660
3417	#FFFFFF	2054
3418	#FFFFFF	2054
3419	#FFFFFF	1416
3420	#FFFFFF	2054
3421	#FFFFFF	2054
3422	#FFFFFF	2054
3423	#FFFFFF	2054
3424	#FFFFFF	2660
3425	#FFFFFF	2054
3426	#FFFFFF	2054
3427	#FFFFFF	2054
3428	#FFFFFF	2054
3430	#FFFFFF	1416
3431	#FFFFFF	1416
3432	#FFFFFF	1416
3433	#FFFFFF	1416
3434	#FFFFFF	1416
3435	#FFFFFF	1416
3436	#FFFFFF	1416
3437	#FFFFFF	1416
3438	#FFFFFF	1416
3439	#FFFFFF	1416
3440	#FFFFFF	558
3441	#FFFFFF	558
3442	#FFFFFF	558
3443	#FFFFFF	558
3444	#FFFFFF	558
3445	#FFFFFF	558
3446	#FFFFFF	558
3447	#FFFFFF	558
3448	#FFFFFF	1416
3449	#FFFFFF	558
3450	#FFFFFF	558
3451	#FFFFFF	558
3452	#FFFFFF	558
3453	#FFFFFF	558
3454	#FFFFFF	558
3455	#FFFFFF	558
3456	#FFFFFF	558
3457	#FFFFFF	558
3458	#FFFFFF	2660
3459	#FFFFFF	1416
3460	#FFFFFF	2660
3461	#FFFFFF	2660
3462	#FFFFFF	558
3463	#FFFFFF	2660
3464	#FFFFFF	2660
3465	#FFFFFF	2660
3466	#FFFFFF	2660
3467	#FFFFFF	2054
3468	#FFFFFF	2054
3469	#FFFFFF	2054
3470	#FFFFFF	1416
3471	#FFFFFF	2054
3472	#FFFFFF	2054
3473	#FFFFFF	2054
3474	#FFFFFF	2054
3475	#FFFFFF	2054
3476	#FFFFFF	2054
3477	#FFFFFF	2054
3478	#FFFFFF	2054
3479	#FFFFFF	2054
3480	#FFFFFF	1416
3481	#FFFFFF	1416
3482	#FFFFFF	1416
3483	#FFFFFF	1416
3484	#FFFFFF	1416
3486	#FFFFFF	50
3487	#FFFFFF	558
3488	#FFFFFF	558
3489	#FFFFFF	558
3490	#FFFFFF	558
3491	#FFFFFF	558
3492	#FFFFFF	558
3493	#FFFFFF	558
3494	#FFFFFF	558
3495	#FFFFFF	558
3496	#FFFFFF	1846
3497	#FFFFFF	1846
3498	#FFFFFF	558
3499	#FFFFFF	558
3500	#FFFFFF	558
3501	#FFFFFF	1846
3502	#FFFFFF	1846
3503	#FFFFFF	1846
3504	#FFFFFF	1846
3505	#FFFFFF	1846
3506	#FFFFFF	1846
3507	#FFFFFF	1846
3508	#FFFFFF	1846
3509	#FFFFFF	558
3510	#FFFFFF	558
3511	#FFFFFF	558
3512	#FFFFFF	1846
3513	#FFFFFF	558
3514	#FFFFFF	558
3515	#FFFFFF	44
3516	#FFFFFF	558
3517	#FFFFFF	558
3518	#FFFFFF	44
3519	#FFFFFF	44
3520	#FFFFFF	50
3521	#FFFFFF	44
3522	#FFFFFF	44
3523	#FFFFFF	44
3524	#FFFFFF	44
3525	#FFFFFF	44
3526	#FFFFFF	44
3527	#FFFFFF	44
3528	#FFFFFF	44
3529	#FFFFFF	1001
3531	#FFFFFF	50
3532	#FFFFFF	50
3533	#FFFFFF	558
3534	#FFFFFF	558
3535	#FFFFFF	558
3536	#FFFFFF	50
3537	#FFFFFF	558
3538	#FFFFFF	558
3539	#FFFFFF	558
3540	#FFFFFF	558
3541	#FFFFFF	558
3542	#FFFFFF	558
3543	#FFFFFF	558
3544	#FFFFFF	558
3545	#FFFFFF	558
3546	#FFFFFF	1846
3547	#FFFFFF	558
3548	#FFFFFF	558
3549	#FFFFFF	558
3550	#FFFFFF	558
3551	#FFFFFF	1846
3552	#FFFFFF	558
3553	#FFFFFF	1846
3554	#FFFFFF	1846
3555	#FFFFFF	1846
3556	#FFFFFF	1846
3557	#FFFFFF	1846
3558	#FFFFFF	558
3559	#FFFFFF	558
3560	#FFFFFF	50
3561	#FFFFFF	558
3562	#FFFFFF	558
3563	#FFFFFF	1846
3564	#FFFFFF	558
3565	#FFFFFF	44
3566	#FFFFFF	558
3567	#FFFFFF	558
3568	#FFFFFF	44
3569	#FFFFFF	44
3570	#FFFFFF	44
3571	#FFFFFF	558
3572	#FFFFFF	44
3573	#FFFFFF	44
3574	#FFFFFF	44
3575	#FFFFFF	44
3576	#FFFFFF	44
3577	#FFFFFF	44
3578	#FFFFFF	44
3579	#FFFFFF	44
3580	#FFFFFF	44
3581	#FFFFFF	558
3582	#FFFFFF	558
3583	#FFFFFF	558
3584	#FFFFFF	558
3585	#FFFFFF	558
3587	#FFFFFF	50
3588	#FFFFFF	558
3589	#FFFFFF	558
3590	#FFFFFF	558
3591	#FFFFFF	558
3592	#FFFFFF	558
3593	#FFFFFF	558
3594	#FFFFFF	558
3595	#FFFFFF	558
3596	#FFFFFF	558
3597	#FFFFFF	558
3598	#FFFFFF	558
3599	#FFFFFF	558
3600	#FFFFFF	558
3601	#FFFFFF	1846
3602	#FFFFFF	1846
3603	#FFFFFF	558
3604	#FFFFFF	558
3605	#FFFFFF	1846
3606	#FFFFFF	558
3607	#FFFFFF	558
3608	#FFFFFF	558
3609	#FFFFFF	558
3610	#FFFFFF	558
3611	#FFFFFF	558
3612	#FFFFFF	558
3613	#FFFFFF	558
3614	#FFFFFF	558
3615	#FFFFFF	44
3616	#FFFFFF	44
3617	#FFFFFF	558
3618	#FFFFFF	558
3619	#FFFFFF	44
3620	#FFFFFF	44
3621	#FFFFFF	50
3622	#FFFFFF	44
3623	#FFFFFF	44
3624	#FFFFFF	44
3625	#FFFFFF	44
3626	#FFFFFF	44
3627	#FFFFFF	44
3628	#FFFFFF	44
3629	#FFFFFF	44
3630	#FFFFFF	44
3632	#FFFFFF	558
3633	#FFFFFF	558
3634	#FFFFFF	558
3635	#FFFFFF	558
3636	#FFFFFF	558
3637	#FFFFFF	50
3638	#FFFFFF	50
3639	#FFFFFF	558
3640	#FFFFFF	558
3641	#FFFFFF	558
3642	#FFFFFF	558
3643	#FFFFFF	558
3644	#FFFFFF	558
3645	#FFFFFF	558
3646	#FFFFFF	558
3647	#FFFFFF	558
3648	#FFFFFF	558
3649	#FFFFFF	558
3650	#FFFFFF	558
3651	#FFFFFF	1846
3652	#FFFFFF	1846
3653	#FFFFFF	558
3654	#FFFFFF	558
3655	#FFFFFF	1846
3656	#FFFFFF	558
3657	#FFFFFF	558
3658	#FFFFFF	558
3659	#FFFFFF	558
3660	#FFFFFF	558
3661	#FFFFFF	558
3662	#FFFFFF	558
3663	#FFFFFF	558
3664	#FFFFFF	558
3665	#FFFFFF	558
3666	#FFFFFF	44
3667	#FFFFFF	558
3668	#FFFFFF	558
3669	#FFFFFF	44
3670	#FFFFFF	44
3671	#FFFFFF	44
3672	#FFFFFF	50
3673	#FFFFFF	44
3674	#FFFFFF	44
3675	#FFFFFF	44
3676	#FFFFFF	44
3677	#FFFFFF	44
3678	#FFFFFF	44
3679	#FFFFFF	44
3680	#FFFFFF	44
3681	#FFFFFF	44
3682	#FFFFFF	558
3683	#FFFFFF	558
3684	#FFFFFF	558
3685	#FFFFFF	558
3686	#FFFFFF	558
3688	#FFFFFF	50
3689	#FFFFFF	50
3690	#FFFFFF	558
3691	#FFFFFF	558
3692	#FFFFFF	558
3693	#FFFFFF	558
3694	#FFFFFF	558
3695	#FFFFFF	558
3696	#FFFFFF	558
3697	#FFFFFF	44
3698	#FFFFFF	558
3699	#FFFFFF	558
3700	#FFFFFF	558
3701	#FFFFFF	558
3702	#FFFFFF	558
3703	#FFFFFF	558
3704	#FFFFFF	558
3705	#FFFFFF	558
3706	#FFFFFF	558
3707	#FFFFFF	558
3708	#FFFFFF	558
3709	#FFFFFF	558
3710	#FFFFFF	558
3711	#FFFFFF	558
3712	#FFFFFF	558
3713	#FFFFFF	558
3714	#FFFFFF	558
3715	#FFFFFF	558
3716	#FFFFFF	558
3717	#FFFFFF	44
3718	#FFFFFF	558
3719	#FFFFFF	558
3720	#FFFFFF	558
3721	#FFFFFF	44
3722	#FFFFFF	558
3723	#FFFFFF	44
3724	#FFFFFF	44
3725	#FFFFFF	44
3726	#FFFFFF	44
3727	#FFFFFF	44
3728	#FFFFFF	44
3729	#FFFFFF	44
3730	#FFFFFF	44
3731	#FFFFFF	44
3733	#FFFFFF	558
3734	#FFFFFF	558
3735	#FFFFFF	558
3736	#FFFFFF	558
3737	#FFFFFF	558
3738	#FFFFFF	50
3739	#FFFFFF	558
3740	#FFFFFF	558
3741	#FFFFFF	50
3742	#FFFFFF	558
3743	#FFFFFF	558
3744	#FFFFFF	558
3745	#FFFFFF	44
3746	#FFFFFF	558
3747	#FFFFFF	44
3748	#FFFFFF	558
3749	#FFFFFF	558
3750	#FFFFFF	558
3751	#FFFFFF	50
3752	#FFFFFF	558
3753	#FFFFFF	558
3754	#FFFFFF	558
3755	#FFFFFF	558
3756	#FFFFFF	558
3757	#FFFFFF	558
3758	#FFFFFF	558
3759	#FFFFFF	558
3760	#FFFFFF	558
3761	#FFFFFF	558
3762	#FFFFFF	558
3763	#FFFFFF	558
3764	#FFFFFF	558
3765	#FFFFFF	558
3766	#FFFFFF	558
3767	#FFFFFF	44
3768	#FFFFFF	44
3769	#FFFFFF	558
3770	#FFFFFF	558
3771	#FFFFFF	44
3772	#FFFFFF	44
3773	#FFFFFF	558
3774	#FFFFFF	44
3775	#FFFFFF	44
3776	#FFFFFF	44
3777	#FFFFFF	44
3778	#FFFFFF	44
3779	#FFFFFF	44
3780	#FFFFFF	44
3781	#FFFFFF	44
3782	#FFFFFF	44
3783	#FFFFFF	558
3784	#FFFFFF	50
3785	#FFFFFF	50
3786	#FFFFFF	50
3787	#FFFFFF	50
3789	#FFFFFF	50
3790	#FFFFFF	558
3791	#FFFFFF	50
3792	#FFFFFF	50
3793	#FFFFFF	558
3794	#FFFFFF	558
3795	#FFFFFF	558
3796	#FFFFFF	44
3797	#FFFFFF	44
3798	#FFFFFF	558
3799	#FFFFFF	558
3800	#FFFFFF	558
3801	#FFFFFF	558
3802	#FFFFFF	558
3803	#FFFFFF	558
3804	#FFFFFF	558
3805	#FFFFFF	558
3806	#FFFFFF	558
3807	#FFFFFF	558
3808	#FFFFFF	558
3809	#FFFFFF	558
3810	#FFFFFF	558
3811	#FFFFFF	558
3812	#FFFFFF	50
3813	#FFFFFF	558
3814	#FFFFFF	558
3815	#FFFFFF	558
3816	#FFFFFF	558
3817	#FFFFFF	558
3818	#FFFFFF	558
3819	#FFFFFF	44
3820	#FFFFFF	558
3821	#FFFFFF	558
3822	#FFFFFF	44
3823	#FFFFFF	558
3824	#FFFFFF	44
3825	#FFFFFF	44
3826	#FFFFFF	44
3827	#FFFFFF	44
3828	#FFFFFF	44
3829	#FFFFFF	44
3830	#FFFFFF	44
3831	#FFFFFF	44
3832	#FFFFFF	44
3834	#FFFFFF	50
3835	#FFFFFF	50
3836	#FFFFFF	50
3837	#FFFFFF	50
3838	#FFFFFF	50
3839	#FFFFFF	50
3840	#FFFFFF	558
3841	#FFFFFF	558
3842	#FFFFFF	50
3843	#FFFFFF	50
3844	#FFFFFF	558
3845	#FFFFFF	558
3846	#FFFFFF	558
3847	#FFFFFF	44
3848	#FFFFFF	44
3849	#FFFFFF	558
3850	#FFFFFF	558
3851	#FFFFFF	558
3852	#FFFFFF	50
3853	#FFFFFF	558
3854	#FFFFFF	558
3855	#FFFFFF	558
3856	#FFFFFF	558
3857	#FFFFFF	558
3858	#FFFFFF	44
3859	#FFFFFF	558
3860	#FFFFFF	558
3861	#FFFFFF	558
3862	#FFFFFF	558
3863	#FFFFFF	50
3864	#FFFFFF	558
3865	#FFFFFF	558
3866	#FFFFFF	558
3867	#FFFFFF	558
3868	#FFFFFF	558
3869	#FFFFFF	558
3870	#FFFFFF	44
3871	#FFFFFF	558
3872	#FFFFFF	44
3873	#FFFFFF	44
3874	#FFFFFF	50
3875	#FFFFFF	44
3876	#FFFFFF	44
3877	#FFFFFF	44
3878	#FFFFFF	44
3879	#FFFFFF	44
3880	#FFFFFF	44
3881	#FFFFFF	44
3882	#FFFFFF	44
3883	#FFFFFF	44
3884	#FFFFFF	50
3885	#FFFFFF	50
3886	#FFFFFF	50
3887	#FFFFFF	50
3888	#FFFFFF	50
3890	#FFFFFF	50
3891	#FFFFFF	558
3892	#FFFFFF	50
3893	#FFFFFF	558
3894	#FFFFFF	558
3895	#FFFFFF	558
3896	#FFFFFF	558
3897	#FFFFFF	558
3898	#FFFFFF	44
3899	#FFFFFF	558
3900	#FFFFFF	558
3901	#FFFFFF	558
3902	#FFFFFF	558
3903	#FFFFFF	558
3904	#FFFFFF	558
3905	#FFFFFF	558
3906	#FFFFFF	558
3907	#FFFFFF	558
3908	#FFFFFF	558
3909	#FFFFFF	44
3910	#FFFFFF	558
3911	#FFFFFF	558
3912	#FFFFFF	558
3913	#FFFFFF	50
3914	#FFFFFF	558
3915	#FFFFFF	558
3916	#FFFFFF	558
3917	#FFFFFF	558
3918	#FFFFFF	558
3919	#FFFFFF	558
3920	#FFFFFF	558
3921	#FFFFFF	44
3922	#FFFFFF	558
3923	#FFFFFF	44
3924	#FFFFFF	50
3925	#FFFFFF	44
3926	#FFFFFF	44
3927	#FFFFFF	44
3928	#FFFFFF	44
3929	#FFFFFF	44
3930	#FFFFFF	44
3931	#FFFFFF	44
3932	#FFFFFF	44
3933	#FFFFFF	44
3935	#FFFFFF	50
3936	#FFFFFF	558
3937	#FFFFFF	50
3938	#FFFFFF	558
3939	#FFFFFF	50
3940	#FFFFFF	50
3941	#FFFFFF	50
3942	#FFFFFF	558
3943	#FFFFFF	50
3944	#FFFFFF	558
3945	#FFFFFF	558
3946	#FFFFFF	558
3947	#FFFFFF	558
3948	#FFFFFF	558
3949	#FFFFFF	44
3950	#FFFFFF	558
3951	#FFFFFF	558
3952	#FFFFFF	558
3953	#FFFFFF	558
3954	#FFFFFF	558
3955	#FFFFFF	558
3956	#FFFFFF	558
3957	#FFFFFF	558
3958	#FFFFFF	558
3959	#FFFFFF	44
3960	#FFFFFF	44
3961	#FFFFFF	558
3962	#FFFFFF	44
3963	#FFFFFF	558
3964	#FFFFFF	50
3965	#FFFFFF	558
3966	#FFFFFF	44
3967	#FFFFFF	558
3968	#FFFFFF	558
3969	#FFFFFF	558
3970	#FFFFFF	44
3971	#FFFFFF	44
3972	#FFFFFF	44
3973	#FFFFFF	44
3974	#FFFFFF	44
3975	#FFFFFF	50
3976	#FFFFFF	44
3977	#FFFFFF	44
3978	#FFFFFF	44
3979	#FFFFFF	44
3980	#FFFFFF	44
3981	#FFFFFF	44
3982	#FFFFFF	44
3983	#FFFFFF	44
3984	#FFFFFF	44
3985	#FFFFFF	558
3986	#FFFFFF	558
3987	#FFFFFF	50
3988	#FFFFFF	558
3989	#FFFFFF	50
3991	#FFFFFF	50
3992	#FFFFFF	50
3993	#FFFFFF	50
3994	#FFFFFF	558
3995	#FFFFFF	558
3996	#FFFFFF	558
3997	#FFFFFF	558
3998	#FFFFFF	558
3999	#FFFFFF	44
4000	#FFFFFF	44
4001	#FFFFFF	44
4002	#FFFFFF	558
4003	#FFFFFF	558
4004	#FFFFFF	558
4005	#FFFFFF	558
4006	#FFFFFF	558
4007	#FFFFFF	558
4008	#FFFFFF	44
4009	#FFFFFF	44
4010	#FFFFFF	44
4011	#FFFFFF	558
4012	#FFFFFF	558
4013	#FFFFFF	44
4014	#FFFFFF	558
4015	#FFFFFF	558
4016	#FFFFFF	558
4017	#FFFFFF	44
4018	#FFFFFF	44
4019	#FFFFFF	558
4020	#FFFFFF	558
4021	#FFFFFF	44
4022	#FFFFFF	44
4023	#FFFFFF	44
4024	#FFFFFF	44
4025	#FFFFFF	50
4026	#FFFFFF	44
4027	#FFFFFF	44
4028	#FFFFFF	44
4029	#FFFFFF	44
4030	#FFFFFF	44
4031	#FFFFFF	44
4032	#FFFFFF	44
4033	#FFFFFF	44
4034	#FFFFFF	44
4036	#FFFFFF	558
4037	#FFFFFF	558
4038	#FFFFFF	558
4039	#FFFFFF	50
4040	#FFFFFF	558
4042	#FFFFFF	1416
4043	#FFFFFF	1416
4044	#FFFFFF	558
4045	#FFFFFF	1416
4046	#FFFFFF	1416
4047	#FFFFFF	558
4048	#FFFFFF	558
4049	#FFFFFF	558
4050	#FFFFFF	558
4051	#FFFFFF	558
4052	#FFFFFF	558
4053	#FFFFFF	558
4054	#FFFFFF	1416
4055	#FFFFFF	558
4056	#FFFFFF	558
4057	#FFFFFF	558
4058	#FFFFFF	558
4059	#FFFFFF	558
4060	#FFFFFF	558
4061	#FFFFFF	558
4062	#FFFFFF	558
4063	#FFFFFF	558
4064	#FFFFFF	2660
4065	#FFFFFF	1416
4066	#FFFFFF	558
4067	#FFFFFF	2660
4068	#FFFFFF	2660
4069	#FFFFFF	558
4070	#FFFFFF	2660
4071	#FFFFFF	2660
4072	#FFFFFF	2660
4073	#FFFFFF	2660
4074	#FFFFFF	2054
4075	#FFFFFF	2054
4076	#FFFFFF	1416
4077	#FFFFFF	2054
4078	#FFFFFF	2054
4079	#FFFFFF	2054
4080	#FFFFFF	2054
4081	#FFFFFF	2054
4082	#FFFFFF	2054
4083	#FFFFFF	2054
4084	#FFFFFF	2054
4085	#FFFFFF	2054
4087	#FFFFFF	1416
4088	#FFFFFF	1416
4089	#FFFFFF	1416
4090	#FFFFFF	1416
4091	#FFFFFF	1416
4092	#FFFFFF	1416
4093	#FFFFFF	1416
4094	#FFFFFF	1416
4095	#FFFFFF	558
4096	#FFFFFF	558
4097	#FFFFFF	558
4098	#FFFFFF	558
4099	#FFFFFF	558
4100	#FFFFFF	558
4101	#FFFFFF	558
4102	#FFFFFF	558
4103	#FFFFFF	558
4104	#FFFFFF	558
4105	#FFFFFF	1416
4106	#FFFFFF	558
4107	#FFFFFF	558
4108	#FFFFFF	558
4109	#FFFFFF	558
4110	#FFFFFF	558
4111	#FFFFFF	558
4112	#FFFFFF	558
4113	#FFFFFF	558
4114	#FFFFFF	2660
4115	#FFFFFF	558
4116	#FFFFFF	1416
4117	#FFFFFF	2660
4118	#FFFFFF	558
4119	#FFFFFF	2660
4120	#FFFFFF	2660
4121	#FFFFFF	2660
4122	#FFFFFF	2660
4123	#FFFFFF	2660
4124	#FFFFFF	2054
4125	#FFFFFF	2054
4126	#FFFFFF	2054
4127	#FFFFFF	1416
4128	#FFFFFF	2054
4129	#FFFFFF	2054
4130	#FFFFFF	2054
4131	#FFFFFF	2054
4132	#FFFFFF	2054
4133	#FFFFFF	2054
4134	#FFFFFF	2054
4135	#FFFFFF	2054
4136	#FFFFFF	2054
4137	#FFFFFF	1416
4138	#FFFFFF	1416
4139	#FFFFFF	1416
4140	#FFFFFF	1416
4141	#FFFFFF	1416
4143	#FFFFFF	1416
4144	#FFFFFF	1416
4145	#FFFFFF	558
4146	#FFFFFF	558
4147	#FFFFFF	558
4148	#FFFFFF	558
4149	#FFFFFF	558
4150	#FFFFFF	558
4151	#FFFFFF	558
4152	#FFFFFF	558
4153	#FFFFFF	558
4154	#FFFFFF	558
4155	#FFFFFF	1416
4156	#FFFFFF	558
4157	#FFFFFF	558
4158	#FFFFFF	558
4159	#FFFFFF	558
4160	#FFFFFF	558
4161	#FFFFFF	558
4162	#FFFFFF	558
4163	#FFFFFF	558
4164	#FFFFFF	558
4165	#FFFFFF	558
4166	#FFFFFF	1416
4167	#FFFFFF	2660
4168	#FFFFFF	558
4169	#FFFFFF	558
4170	#FFFFFF	2660
4171	#FFFFFF	2660
4172	#FFFFFF	2660
4173	#FFFFFF	2660
4174	#FFFFFF	2660
4175	#FFFFFF	2660
4176	#FFFFFF	2054
4177	#FFFFFF	1416
4178	#FFFFFF	2660
4179	#FFFFFF	2054
4180	#FFFFFF	2054
4181	#FFFFFF	2054
4182	#FFFFFF	2054
4183	#FFFFFF	2054
4184	#FFFFFF	2054
4185	#FFFFFF	2054
4186	#FFFFFF	2054
4188	#FFFFFF	1416
4189	#FFFFFF	1416
4190	#FFFFFF	1416
4191	#FFFFFF	1416
4192	#FFFFFF	1416
4193	#FFFFFF	1416
4194	#FFFFFF	1416
4195	#FFFFFF	1416
4196	#FFFFFF	558
4197	#FFFFFF	558
4198	#FFFFFF	558
4199	#FFFFFF	558
4200	#FFFFFF	558
4201	#FFFFFF	558
4202	#FFFFFF	558
4203	#FFFFFF	558
4204	#FFFFFF	558
4205	#FFFFFF	558
4206	#FFFFFF	1416
4207	#FFFFFF	558
4208	#FFFFFF	558
4209	#FFFFFF	558
4210	#FFFFFF	558
4211	#FFFFFF	558
4212	#FFFFFF	558
4213	#FFFFFF	558
4214	#FFFFFF	2660
4215	#FFFFFF	558
4216	#FFFFFF	558
4217	#FFFFFF	1416
4218	#FFFFFF	558
4219	#FFFFFF	558
4220	#FFFFFF	2660
4221	#FFFFFF	2660
4222	#FFFFFF	2660
4223	#FFFFFF	2660
4224	#FFFFFF	2660
4225	#FFFFFF	2660
4226	#FFFFFF	2054
4227	#FFFFFF	2660
4228	#FFFFFF	1416
4229	#FFFFFF	2054
4230	#FFFFFF	2054
4231	#FFFFFF	2054
4232	#FFFFFF	2054
4233	#FFFFFF	2054
4234	#FFFFFF	2054
4235	#FFFFFF	2054
4236	#FFFFFF	2054
4237	#FFFFFF	2054
4238	#FFFFFF	1416
4239	#FFFFFF	1416
4240	#FFFFFF	1416
4241	#FFFFFF	1416
4242	#FFFFFF	1416
4244	#FFFFFF	1416
4245	#FFFFFF	1416
4246	#FFFFFF	558
4247	#FFFFFF	558
4248	#FFFFFF	558
4249	#FFFFFF	558
4250	#FFFFFF	558
4251	#FFFFFF	558
4252	#FFFFFF	558
4253	#FFFFFF	558
4254	#FFFFFF	558
4255	#FFFFFF	558
4256	#FFFFFF	1416
4257	#FFFFFF	558
4258	#FFFFFF	558
4259	#FFFFFF	558
4260	#FFFFFF	558
4261	#FFFFFF	558
4262	#FFFFFF	558
4263	#FFFFFF	558
4264	#FFFFFF	2660
4265	#FFFFFF	2660
4266	#FFFFFF	2660
4267	#FFFFFF	1416
4268	#FFFFFF	558
4269	#FFFFFF	2660
4270	#FFFFFF	2660
4271	#FFFFFF	2660
4272	#FFFFFF	2660
4273	#FFFFFF	2660
4274	#FFFFFF	2660
4275	#FFFFFF	2660
4276	#FFFFFF	2660
4277	#FFFFFF	2054
4278	#FFFFFF	1416
4279	#FFFFFF	2660
4280	#FFFFFF	2660
4281	#FFFFFF	2054
4282	#FFFFFF	2054
4283	#FFFFFF	2054
4284	#FFFFFF	2054
4285	#FFFFFF	2054
4286	#FFFFFF	2054
4287	#FFFFFF	2054
4289	#FFFFFF	1416
4290	#FFFFFF	1416
4291	#FFFFFF	1416
4292	#FFFFFF	1416
4293	#FFFFFF	1416
4294	#FFFFFF	1416
4295	#FFFFFF	1416
4296	#FFFFFF	1416
4297	#FFFFFF	558
4298	#FFFFFF	558
4299	#FFFFFF	558
4300	#FFFFFF	558
4301	#FFFFFF	558
4302	#FFFFFF	558
4303	#FFFFFF	558
4304	#FFFFFF	558
4305	#FFFFFF	558
4306	#FFFFFF	558
4307	#FFFFFF	1416
4308	#FFFFFF	558
4309	#FFFFFF	558
4310	#FFFFFF	558
4311	#FFFFFF	558
4312	#FFFFFF	2660
4313	#FFFFFF	558
4314	#FFFFFF	2660
4315	#FFFFFF	2660
4316	#FFFFFF	2660
4317	#FFFFFF	2660
4318	#FFFFFF	1416
4319	#FFFFFF	558
4320	#FFFFFF	2660
4321	#FFFFFF	2660
4322	#FFFFFF	2660
4323	#FFFFFF	2660
4324	#FFFFFF	2660
4325	#FFFFFF	2660
4326	#FFFFFF	2660
4327	#FFFFFF	2660
4328	#FFFFFF	2660
4329	#FFFFFF	1416
4330	#FFFFFF	2660
4331	#FFFFFF	2054
4332	#FFFFFF	2054
4333	#FFFFFF	2054
4334	#FFFFFF	2054
4335	#FFFFFF	2054
4336	#FFFFFF	2054
4337	#FFFFFF	2054
4338	#FFFFFF	2054
4339	#FFFFFF	1416
4340	#FFFFFF	1416
4341	#FFFFFF	1416
4342	#FFFFFF	1416
4343	#FFFFFF	1416
4345	#FFFFFF	1416
4346	#FFFFFF	1416
4347	#FFFFFF	1416
4348	#FFFFFF	558
4349	#FFFFFF	558
4350	#FFFFFF	558
4351	#FFFFFF	558
4352	#FFFFFF	558
4353	#FFFFFF	558
4354	#FFFFFF	558
4355	#FFFFFF	558
4356	#FFFFFF	558
4357	#FFFFFF	1416
4358	#FFFFFF	558
4359	#FFFFFF	558
4360	#FFFFFF	558
4361	#FFFFFF	558
4362	#FFFFFF	558
4363	#FFFFFF	2660
4364	#FFFFFF	2660
4365	#FFFFFF	2660
4366	#FFFFFF	2660
4367	#FFFFFF	2660
4368	#FFFFFF	1416
4369	#FFFFFF	558
4370	#FFFFFF	558
4371	#FFFFFF	2660
4372	#FFFFFF	2660
4373	#FFFFFF	2660
4374	#FFFFFF	2660
4375	#FFFFFF	2660
4376	#FFFFFF	2660
4377	#FFFFFF	2660
4378	#FFFFFF	2660
4379	#FFFFFF	1416
4380	#FFFFFF	2054
4381	#FFFFFF	2054
4382	#FFFFFF	2054
4383	#FFFFFF	2054
4384	#FFFFFF	2054
4385	#FFFFFF	2054
4386	#FFFFFF	2054
4387	#FFFFFF	2054
4388	#FFFFFF	2054
4390	#FFFFFF	1416
4391	#FFFFFF	1416
4392	#FFFFFF	1416
4393	#FFFFFF	1416
4394	#FFFFFF	1416
4395	#FFFFFF	1416
4396	#FFFFFF	1416
4397	#FFFFFF	1416
4398	#FFFFFF	1416
4399	#FFFFFF	558
4400	#FFFFFF	558
4401	#FFFFFF	558
4402	#FFFFFF	558
4403	#FFFFFF	558
4404	#FFFFFF	558
4405	#FFFFFF	558
4406	#FFFFFF	558
4407	#FFFFFF	558
4408	#FFFFFF	1416
4409	#FFFFFF	558
4410	#FFFFFF	558
4411	#FFFFFF	558
4412	#FFFFFF	558
4413	#FFFFFF	558
4414	#FFFFFF	2660
4415	#FFFFFF	2660
4416	#FFFFFF	2660
4417	#FFFFFF	2660
4418	#FFFFFF	558
4419	#FFFFFF	1416
4420	#FFFFFF	2660
4421	#FFFFFF	2660
4422	#FFFFFF	2660
4423	#FFFFFF	2660
4424	#FFFFFF	2660
4425	#FFFFFF	2660
4426	#FFFFFF	2660
4427	#FFFFFF	2660
4428	#FFFFFF	2660
4429	#FFFFFF	2660
4430	#FFFFFF	1416
4431	#FFFFFF	2054
4432	#FFFFFF	2054
4433	#FFFFFF	2054
4434	#FFFFFF	2054
4435	#FFFFFF	2054
4436	#FFFFFF	2054
4437	#FFFFFF	2054
4438	#FFFFFF	2054
4439	#FFFFFF	2054
4440	#FFFFFF	1416
4441	#FFFFFF	1416
4442	#FFFFFF	1416
4443	#FFFFFF	1416
4444	#FFFFFF	1416
4446	#FFFFFF	1416
4447	#FFFFFF	1416
4448	#FFFFFF	1416
4449	#FFFFFF	558
4450	#FFFFFF	558
4451	#FFFFFF	558
4452	#FFFFFF	558
4453	#FFFFFF	558
4454	#FFFFFF	558
4455	#FFFFFF	558
4456	#FFFFFF	558
4457	#FFFFFF	558
4458	#FFFFFF	1416
4459	#FFFFFF	558
4460	#FFFFFF	558
4461	#FFFFFF	558
4462	#FFFFFF	558
4463	#FFFFFF	558
4464	#FFFFFF	2660
4465	#FFFFFF	2660
4466	#FFFFFF	2660
4467	#FFFFFF	2660
4468	#FFFFFF	558
4469	#FFFFFF	1416
4470	#FFFFFF	2660
4471	#FFFFFF	2660
4472	#FFFFFF	2660
4473	#FFFFFF	2660
4474	#FFFFFF	2660
4475	#FFFFFF	2660
4476	#FFFFFF	2660
4477	#FFFFFF	2660
4478	#FFFFFF	2660
4479	#FFFFFF	2660
4480	#FFFFFF	1416
4481	#FFFFFF	2660
4482	#FFFFFF	2660
4483	#FFFFFF	2054
4484	#FFFFFF	2660
4485	#FFFFFF	2054
4486	#FFFFFF	2054
4487	#FFFFFF	2054
4488	#FFFFFF	2054
4489	#FFFFFF	2054
4491	#FFFFFF	1416
4492	#FFFFFF	1416
4493	#FFFFFF	1416
4494	#FFFFFF	1416
4495	#FFFFFF	1416
4496	#FFFFFF	1416
4497	#FFFFFF	1416
4498	#FFFFFF	1416
4499	#FFFFFF	558
4500	#FFFFFF	558
4501	#FFFFFF	558
4502	#FFFFFF	558
4503	#FFFFFF	558
4504	#FFFFFF	558
4505	#FFFFFF	558
4506	#FFFFFF	558
4507	#FFFFFF	558
4508	#FFFFFF	558
4509	#FFFFFF	1416
4510	#FFFFFF	558
4511	#FFFFFF	558
4512	#FFFFFF	558
4513	#FFFFFF	558
4514	#FFFFFF	2660
4515	#FFFFFF	2660
4516	#FFFFFF	2660
4517	#FFFFFF	2660
4518	#FFFFFF	2660
4519	#FFFFFF	2660
4520	#FFFFFF	1416
4521	#FFFFFF	2660
4522	#FFFFFF	2660
4523	#FFFFFF	2660
4524	#FFFFFF	2660
4525	#FFFFFF	2660
4526	#FFFFFF	2660
4527	#FFFFFF	2660
4528	#FFFFFF	2660
4529	#FFFFFF	2660
4530	#FFFFFF	2660
4531	#FFFFFF	1416
4532	#FFFFFF	2660
4533	#FFFFFF	2660
4534	#FFFFFF	2660
4535	#FFFFFF	2054
4536	#FFFFFF	2660
4537	#FFFFFF	2054
4538	#FFFFFF	2054
4539	#FFFFFF	2054
4540	#FFFFFF	2054
4541	#FFFFFF	1416
4542	#FFFFFF	1416
4543	#FFFFFF	1416
4544	#FFFFFF	1416
4545	#FFFFFF	1416
4547	#FFFFFF	1416
4548	#FFFFFF	1416
4549	#FFFFFF	558
4550	#FFFFFF	558
4551	#FFFFFF	558
4552	#FFFFFF	558
4553	#FFFFFF	558
4554	#FFFFFF	558
4555	#FFFFFF	558
4556	#FFFFFF	558
4557	#FFFFFF	558
4558	#FFFFFF	558
4559	#FFFFFF	1416
4560	#FFFFFF	558
4561	#FFFFFF	558
4562	#FFFFFF	558
4563	#FFFFFF	558
4564	#FFFFFF	558
4565	#FFFFFF	558
4566	#FFFFFF	558
4567	#FFFFFF	558
4568	#FFFFFF	558
4569	#FFFFFF	558
4570	#FFFFFF	1416
4571	#FFFFFF	558
4572	#FFFFFF	558
4573	#FFFFFF	558
4574	#FFFFFF	558
4575	#FFFFFF	558
4576	#FFFFFF	558
4577	#FFFFFF	558
4578	#FFFFFF	558
4579	#FFFFFF	2660
4580	#FFFFFF	2660
4581	#FFFFFF	1416
4582	#FFFFFF	558
4583	#FFFFFF	2660
4584	#FFFFFF	2660
4585	#FFFFFF	2660
4586	#FFFFFF	2054
4587	#FFFFFF	2054
4588	#FFFFFF	2660
4589	#FFFFFF	2660
4590	#FFFFFF	2660
4592	#FFFFFF	1416
4593	#FFFFFF	1416
4594	#FFFFFF	1416
4595	#FFFFFF	1416
4596	#FFFFFF	558
4597	#FFFFFF	1416
4598	#FFFFFF	1416
4599	#FFFFFF	1416
4600	#FFFFFF	558
4601	#FFFFFF	558
4602	#FFFFFF	558
4603	#FFFFFF	558
4604	#FFFFFF	558
4605	#FFFFFF	558
4606	#FFFFFF	558
4607	#FFFFFF	558
4608	#FFFFFF	558
4609	#FFFFFF	558
4610	#FFFFFF	1416
4611	#FFFFFF	558
4612	#FFFFFF	558
4613	#FFFFFF	558
4614	#FFFFFF	558
4615	#FFFFFF	558
4616	#FFFFFF	558
4617	#FFFFFF	558
4618	#FFFFFF	558
4619	#FFFFFF	558
4620	#FFFFFF	558
4621	#FFFFFF	1416
4622	#FFFFFF	558
4623	#FFFFFF	558
4624	#FFFFFF	558
4625	#FFFFFF	558
4626	#FFFFFF	558
4627	#FFFFFF	558
4628	#FFFFFF	558
4629	#FFFFFF	558
4630	#FFFFFF	558
4631	#FFFFFF	558
4632	#FFFFFF	1416
4633	#FFFFFF	2660
4634	#FFFFFF	2660
4635	#FFFFFF	2660
4636	#FFFFFF	2660
4637	#FFFFFF	2054
4638	#FFFFFF	2660
4639	#FFFFFF	2660
4640	#FFFFFF	2660
4641	#FFFFFF	2660
4642	#FFFFFF	1416
4643	#FFFFFF	1416
4644	#FFFFFF	1416
4645	#FFFFFF	1416
4646	#FFFFFF	1416
4648	#FFFFFF	1416
4649	#FFFFFF	1416
4650	#FFFFFF	558
4651	#FFFFFF	558
4652	#FFFFFF	558
4653	#FFFFFF	558
4654	#FFFFFF	558
4655	#FFFFFF	558
4656	#FFFFFF	558
4657	#FFFFFF	558
4658	#FFFFFF	558
4659	#FFFFFF	558
4660	#FFFFFF	1416
4661	#FFFFFF	558
4662	#FFFFFF	558
4663	#FFFFFF	558
4664	#FFFFFF	558
4665	#FFFFFF	558
4666	#FFFFFF	558
4667	#FFFFFF	558
4668	#FFFFFF	558
4669	#FFFFFF	558
4670	#FFFFFF	558
4671	#FFFFFF	1416
4672	#FFFFFF	558
4673	#FFFFFF	558
4674	#FFFFFF	558
4675	#FFFFFF	558
4676	#FFFFFF	558
4677	#FFFFFF	558
4678	#FFFFFF	558
4679	#FFFFFF	558
4680	#FFFFFF	558
4681	#FFFFFF	558
4682	#FFFFFF	1416
4683	#FFFFFF	558
4684	#FFFFFF	2054
4685	#FFFFFF	2054
4686	#FFFFFF	2054
4687	#FFFFFF	2054
4688	#FFFFFF	2660
4689	#FFFFFF	2660
4690	#FFFFFF	2660
4691	#FFFFFF	2054
4693	#FFFFFF	1416
4694	#FFFFFF	1416
4695	#FFFFFF	1416
4696	#FFFFFF	1416
4697	#FFFFFF	1416
4698	#FFFFFF	1416
4699	#FFFFFF	1416
4700	#FFFFFF	1416
4701	#FFFFFF	558
4702	#FFFFFF	558
4703	#FFFFFF	558
4704	#FFFFFF	558
4705	#FFFFFF	558
4706	#FFFFFF	558
4707	#FFFFFF	558
4708	#FFFFFF	558
4709	#FFFFFF	558
4710	#FFFFFF	558
4711	#FFFFFF	1416
4712	#FFFFFF	558
4713	#FFFFFF	558
4714	#FFFFFF	558
4715	#FFFFFF	558
4716	#FFFFFF	558
4717	#FFFFFF	558
4718	#FFFFFF	558
4719	#FFFFFF	558
4720	#FFFFFF	558
4721	#FFFFFF	558
4722	#FFFFFF	1416
4723	#FFFFFF	558
4724	#FFFFFF	558
4725	#FFFFFF	558
4726	#FFFFFF	558
4727	#FFFFFF	558
4728	#FFFFFF	558
4729	#FFFFFF	558
4730	#FFFFFF	558
4731	#FFFFFF	558
4732	#FFFFFF	558
4733	#FFFFFF	1416
4734	#FFFFFF	558
4735	#FFFFFF	2054
4736	#FFFFFF	2054
4737	#FFFFFF	2054
4738	#FFFFFF	2054
4739	#FFFFFF	2660
4740	#FFFFFF	2054
4741	#FFFFFF	2054
4742	#FFFFFF	2054
4743	#FFFFFF	1416
4744	#FFFFFF	1416
4745	#FFFFFF	1416
4746	#FFFFFF	1416
4747	#FFFFFF	558
4749	#FFFFFF	1416
4750	#FFFFFF	1416
4751	#FFFFFF	558
4752	#FFFFFF	558
4753	#FFFFFF	558
4754	#FFFFFF	558
4755	#FFFFFF	558
4756	#FFFFFF	558
4757	#FFFFFF	558
4758	#FFFFFF	558
4759	#FFFFFF	558
4760	#FFFFFF	558
4761	#FFFFFF	1416
4762	#FFFFFF	558
4763	#FFFFFF	558
4764	#FFFFFF	558
4765	#FFFFFF	558
4766	#FFFFFF	558
4767	#FFFFFF	558
4768	#FFFFFF	558
4769	#FFFFFF	558
4770	#FFFFFF	558
4771	#FFFFFF	558
4772	#FFFFFF	1416
4773	#FFFFFF	558
4774	#FFFFFF	558
4775	#FFFFFF	558
4776	#FFFFFF	558
4777	#FFFFFF	2054
4778	#FFFFFF	558
4779	#FFFFFF	558
4780	#FFFFFF	558
4781	#FFFFFF	558
4782	#FFFFFF	558
4783	#FFFFFF	1416
4784	#FFFFFF	558
4785	#FFFFFF	558
4786	#FFFFFF	558
4787	#FFFFFF	2054
4788	#FFFFFF	2054
4789	#FFFFFF	2660
4790	#FFFFFF	2660
4791	#FFFFFF	2054
4792	#FFFFFF	2054
4795	#FFFFFF	1416
4796	#FFFFFF	558
4797	#FFFFFF	558
4798	#FFFFFF	1416
4799	#FFFFFF	1416
4800	#FFFFFF	1416
4801	#FFFFFF	558
4802	#FFFFFF	558
4803	#FFFFFF	558
4804	#FFFFFF	558
4805	#FFFFFF	558
4806	#FFFFFF	558
4807	#FFFFFF	558
4808	#FFFFFF	558
4809	#FFFFFF	558
4810	#FFFFFF	558
4811	#FFFFFF	558
4812	#FFFFFF	558
4813	#FFFFFF	558
4814	#FFFFFF	558
4815	#FFFFFF	558
4816	#FFFFFF	558
4817	#FFFFFF	558
4818	#FFFFFF	558
4819	#FFFFFF	558
4820	#FFFFFF	558
4821	#FFFFFF	558
4822	#FFFFFF	558
4823	#FFFFFF	1416
4824	#FFFFFF	558
4825	#FFFFFF	558
4826	#FFFFFF	558
4827	#FFFFFF	2054
4828	#FFFFFF	2054
4829	#FFFFFF	558
4830	#FFFFFF	558
4831	#FFFFFF	558
4832	#FFFFFF	558
4833	#FFFFFF	558
4834	#FFFFFF	1416
4835	#FFFFFF	558
4836	#FFFFFF	558
4837	#FFFFFF	2054
4838	#FFFFFF	2054
4839	#FFFFFF	2054
4840	#FFFFFF	2054
4841	#FFFFFF	2054
4842	#FFFFFF	2054
4843	#FFFFFF	2660
4844	#FFFFFF	1416
4845	#FFFFFF	1416
4846	#FFFFFF	558
4847	#FFFFFF	558
4848	#FFFFFF	1416
4850	#FFFFFF	558
4851	#FFFFFF	558
4852	#FFFFFF	558
4853	#FFFFFF	558
4854	#FFFFFF	558
4855	#FFFFFF	558
4856	#FFFFFF	558
4857	#FFFFFF	558
4858	#FFFFFF	558
4859	#FFFFFF	558
4860	#FFFFFF	558
4861	#FFFFFF	558
4862	#FFFFFF	558
4863	#FFFFFF	558
4864	#FFFFFF	558
4865	#FFFFFF	558
4866	#FFFFFF	558
4867	#FFFFFF	558
4868	#FFFFFF	558
4869	#FFFFFF	558
4870	#FFFFFF	558
4871	#FFFFFF	558
4872	#FFFFFF	558
4873	#FFFFFF	558
4874	#FFFFFF	558
4875	#FFFFFF	558
4876	#FFFFFF	558
4877	#FFFFFF	558
4878	#FFFFFF	2054
4879	#FFFFFF	558
4880	#FFFFFF	558
4881	#FFFFFF	558
4882	#FFFFFF	558
4883	#FFFFFF	558
4884	#FFFFFF	1416
4885	#FFFFFF	558
4886	#FFFFFF	558
4887	#FFFFFF	2054
4888	#FFFFFF	558
4889	#FFFFFF	2054
4890	#FFFFFF	2054
4891	#FFFFFF	2054
4892	#FFFFFF	2054
4893	#FFFFFF	2054
4895	#FFFFFF	1416
4896	#FFFFFF	1416
4897	#FFFFFF	1416
4898	#FFFFFF	1416
4899	#FFFFFF	558
4900	#FFFFFF	558
4901	#FFFFFF	558
4902	#FFFFFF	558
4903	#FFFFFF	558
4904	#FFFFFF	558
4905	#FFFFFF	558
4906	#FFFFFF	558
4907	#FFFFFF	558
4908	#FFFFFF	558
4909	#FFFFFF	558
4910	#FFFFFF	558
4911	#FFFFFF	558
4912	#FFFFFF	558
4913	#FFFFFF	1416
4914	#FFFFFF	558
4915	#FFFFFF	558
4916	#FFFFFF	558
4917	#FFFFFF	558
4918	#FFFFFF	558
4919	#FFFFFF	558
4920	#FFFFFF	558
4921	#FFFFFF	558
4922	#FFFFFF	558
4923	#FFFFFF	558
4924	#FFFFFF	558
4925	#FFFFFF	558
4926	#FFFFFF	558
4927	#FFFFFF	558
4928	#FFFFFF	2054
4929	#FFFFFF	558
4930	#FFFFFF	558
4931	#FFFFFF	558
4932	#FFFFFF	558
4933	#FFFFFF	558
4934	#FFFFFF	558
4935	#FFFFFF	1416
4936	#FFFFFF	2054
4937	#FFFFFF	558
4938	#FFFFFF	558
4939	#FFFFFF	2054
4940	#FFFFFF	2054
4941	#FFFFFF	2054
4942	#FFFFFF	2054
4943	#FFFFFF	2054
4944	#FFFFFF	2054
4945	#FFFFFF	1416
4946	#FFFFFF	1416
4947	#FFFFFF	1416
4948	#FFFFFF	558
4949	#FFFFFF	558
4951	#FFFFFF	558
4952	#FFFFFF	558
4953	#FFFFFF	558
4954	#FFFFFF	558
4955	#FFFFFF	558
4956	#FFFFFF	558
4957	#FFFFFF	558
4958	#FFFFFF	558
4959	#FFFFFF	558
4960	#FFFFFF	558
4961	#FFFFFF	558
4962	#FFFFFF	558
4963	#FFFFFF	558
4964	#FFFFFF	558
4965	#FFFFFF	558
4966	#FFFFFF	558
4967	#FFFFFF	558
4968	#FFFFFF	558
4969	#FFFFFF	558
4970	#FFFFFF	558
4971	#FFFFFF	558
4972	#FFFFFF	558
4973	#FFFFFF	558
4974	#FFFFFF	1416
4975	#FFFFFF	558
4976	#FFFFFF	558
4977	#FFFFFF	558
4978	#FFFFFF	2054
4979	#FFFFFF	2054
4980	#FFFFFF	2054
4981	#FFFFFF	558
4982	#FFFFFF	558
4983	#FFFFFF	2054
4984	#FFFFFF	558
4985	#FFFFFF	558
4986	#FFFFFF	2054
4987	#FFFFFF	558
4988	#FFFFFF	558
4989	#FFFFFF	2054
4990	#FFFFFF	2054
4991	#FFFFFF	2054
4992	#FFFFFF	2054
4993	#FFFFFF	2054
4994	#FFFFFF	2054
4996	#FFFFFF	1416
4997	#FFFFFF	1416
4998	#FFFFFF	1416
4999	#FFFFFF	558
5000	#FFFFFF	558
5001	#FFFFFF	558
5002	#FFFFFF	558
5003	#FFFFFF	558
5004	#FFFFFF	558
5005	#FFFFFF	558
5006	#FFFFFF	558
5007	#FFFFFF	1416
5008	#FFFFFF	558
5009	#FFFFFF	558
5010	#FFFFFF	558
5011	#FFFFFF	558
5012	#FFFFFF	558
5013	#FFFFFF	558
5014	#FFFFFF	1416
5015	#FFFFFF	558
5016	#FFFFFF	558
5017	#FFFFFF	558
5018	#FFFFFF	558
5019	#FFFFFF	558
5020	#FFFFFF	558
5021	#FFFFFF	558
5022	#FFFFFF	558
5023	#FFFFFF	558
5024	#FFFFFF	558
5025	#FFFFFF	558
5026	#FFFFFF	558
5027	#FFFFFF	558
5028	#FFFFFF	558
5029	#FFFFFF	2054
5030	#FFFFFF	2054
5031	#FFFFFF	558
5032	#FFFFFF	558
5033	#FFFFFF	2054
5034	#FFFFFF	2054
5035	#FFFFFF	2054
5036	#FFFFFF	1416
5037	#FFFFFF	2054
5038	#FFFFFF	558
5039	#FFFFFF	558
5040	#FFFFFF	2054
5041	#FFFFFF	2054
5042	#FFFFFF	2054
5043	#FFFFFF	2054
5044	#FFFFFF	2054
5045	#FFFFFF	2054
5046	#FFFFFF	1416
5047	#FFFFFF	1416
5048	#FFFFFF	558
5049	#FFFFFF	1416
5050	#FFFFFF	1416
5052	#FFFFFF	558
5053	#FFFFFF	558
5054	#FFFFFF	558
5055	#FFFFFF	558
5056	#FFFFFF	558
5057	#FFFFFF	1416
5058	#FFFFFF	558
5059	#FFFFFF	558
5060	#FFFFFF	558
5061	#FFFFFF	558
5062	#FFFFFF	558
5063	#FFFFFF	558
5064	#FFFFFF	1416
5065	#FFFFFF	558
5066	#FFFFFF	558
5067	#FFFFFF	558
5068	#FFFFFF	558
5069	#FFFFFF	558
5070	#FFFFFF	558
5071	#FFFFFF	558
5072	#FFFFFF	558
5073	#FFFFFF	558
5074	#FFFFFF	558
5075	#FFFFFF	1416
5076	#FFFFFF	558
5077	#FFFFFF	558
5078	#FFFFFF	2054
5079	#FFFFFF	2054
5080	#FFFFFF	2054
5081	#FFFFFF	558
5082	#FFFFFF	558
5083	#FFFFFF	558
5084	#FFFFFF	2054
5085	#FFFFFF	2054
5086	#FFFFFF	1416
5087	#FFFFFF	2054
5088	#FFFFFF	2054
5089	#FFFFFF	2054
5090	#FFFFFF	2054
5091	#FFFFFF	2054
5092	#FFFFFF	2054
5093	#FFFFFF	2054
5094	#FFFFFF	2054
5095	#FFFFFF	2054
5097	#FFFFFF	1416
5098	#FFFFFF	1416
5099	#FFFFFF	1416
5100	#FFFFFF	1416
5101	#FFFFFF	1416
